#Sección,b,Dirección General,d,Capítulo,f,Artículo,h,Concepto,j,Subconcepto,l,Derechos  reconocidos
3,CÁMARA DE CUENTAS DE CASTILLA-LA MANCHA,301,CÁMARA DE CUENTAS DE CASTILLA-LA MANCHA,8,ACTIVOS FINANCIEROS,82,REINTEGRO DE PRÉSTAMOS,820,A corto plazo,82000,A personal funcionario,2000
3,CÁMARA DE CUENTAS DE CASTILLA-LA MANCHA,301,CÁMARA DE CUENTAS DE CASTILLA-LA MANCHA,8,ACTIVOS FINANCIEROS,82,REINTEGRO DE PRÉSTAMOS,821,A largo plazo,82100,A personal funcionario,
3,CÁMARA DE CUENTAS DE CASTILLA-LA MANCHA,301,CÁMARA DE CUENTAS DE CASTILLA-LA MANCHA,8,ACTIVOS FINANCIEROS,82,REINTEGRO DE PRÉSTAMOS,821,A largo plazo,82101,A personal laboral,
4,CONSEJO CONSULTIVO,401,CONSEJO CONSULTIVO,3,"TASAS, PP.PP. Y OTROS ING",32,TASAS,322,Tasas direc e insp obras,32200,Dirección e inspec. obras,593.1
4,CONSEJO CONSULTIVO,401,CONSEJO CONSULTIVO,8,ACTIVOS FINANCIEROS,82,REINTEGRO DE PRÉSTAMOS,820,A corto plazo,82000,A personal funcionario,428.58
4,CONSEJO CONSULTIVO,401,CONSEJO CONSULTIVO,8,ACTIVOS FINANCIEROS,82,REINTEGRO DE PRÉSTAMOS,821,A largo plazo,82100,A personal funcionario,857.16
4,CONSEJO CONSULTIVO,401,CONSEJO CONSULTIVO,8,ACTIVOS FINANCIEROS,82,REINTEGRO DE PRÉSTAMOS,821,A largo plazo,82101,A personal laboral,
6,DEUDA PÚBLICA,601,DEUDA PÚBLICA,3,"TASAS, PP.PP. Y OTROS ING",39,OTROS INGRESOS,399,Ingresos diversos,39900,Ingresos diversos,
6,DEUDA PÚBLICA,601,DEUDA PÚBLICA,9,PASIVOS FINANCIEROS,91,PRÉSTAMOS MONEDA NACIONAL,911,Préstamos recibidos a l/p,91101,Prés rec a l/p  dentro sp,148464806.43
11,PRESIDENCIA DE LA JUNTA DE COMUNIDADES D,1103,VICEPRESIDENCIA SEGUNDA DE LA JCCM,4,TRANSFERENCIAS CORRIENTES,43,"DE LA A.E., OO.AA., EE.PP",432,De diversos Ministerios,43200,De diversos Ministerios,
11,PRESIDENCIA DE LA JUNTA DE COMUNIDADES D,1104,SECRETARÍA GENERAL DE PRESIDENCIA,3,"TASAS, PP.PP. Y OTROS ING",31,PRESTACIÓN DE SERVICIOS,310,Tarifas de publicidad,31000,Tarifas de publicidad,
11,PRESIDENCIA DE LA JUNTA DE COMUNIDADES D,1104,SECRETARÍA GENERAL DE PRESIDENCIA,3,"TASAS, PP.PP. Y OTROS ING",32,TASAS,329,Otras tasas,32900,Otras tasas,11.44
11,PRESIDENCIA DE LA JUNTA DE COMUNIDADES D,1104,SECRETARÍA GENERAL DE PRESIDENCIA,3,"TASAS, PP.PP. Y OTROS ING",38,REINTEGROS OPERACIONES C.,380,De ejercicios cerrados,38000,De ejercicios cerrados,36151.6
11,PRESIDENCIA DE LA JUNTA DE COMUNIDADES D,1104,SECRETARÍA GENERAL DE PRESIDENCIA,3,"TASAS, PP.PP. Y OTROS ING",38,REINTEGROS OPERACIONES C.,381,De presupuesto corriente,38100,De presupuesto corriente,6975.81
11,PRESIDENCIA DE LA JUNTA DE COMUNIDADES D,1104,SECRETARÍA GENERAL DE PRESIDENCIA,3,"TASAS, PP.PP. Y OTROS ING",39,OTROS INGRESOS,390,Recargos y multas,39000,Recargo de apremio,6247.51
11,PRESIDENCIA DE LA JUNTA DE COMUNIDADES D,1104,SECRETARÍA GENERAL DE PRESIDENCIA,3,"TASAS, PP.PP. Y OTROS ING",39,OTROS INGRESOS,390,Recargos y multas,39001,Intereses de demora,744.83
11,PRESIDENCIA DE LA JUNTA DE COMUNIDADES D,1104,SECRETARÍA GENERAL DE PRESIDENCIA,3,"TASAS, PP.PP. Y OTROS ING",39,OTROS INGRESOS,399,Ingresos diversos,39900,Ingresos diversos,276981.03
11,PRESIDENCIA DE LA JUNTA DE COMUNIDADES D,1104,SECRETARÍA GENERAL DE PRESIDENCIA,4,TRANSFERENCIAS CORRIENTES,49,DEL EXTERIOR,499,Otras transferencias,49900,Otras transferencias,38260
11,PRESIDENCIA DE LA JUNTA DE COMUNIDADES D,1104,SECRETARÍA GENERAL DE PRESIDENCIA,5,INGRESOS PATRIMONIALES,52,INTERESES DE DEPÓSITOS,520,Intereses cuentas bancar,52000,Intereses cuentas bancar,
11,PRESIDENCIA DE LA JUNTA DE COMUNIDADES D,1104,SECRETARÍA GENERAL DE PRESIDENCIA,6,ENAJENACIÓN INVERSIONES R,68,REINTEGROS O. DE CAPITAL,680,De ejercicios cerrados,68000,De transferencias capital,49.33
11,PRESIDENCIA DE LA JUNTA DE COMUNIDADES D,1104,SECRETARÍA GENERAL DE PRESIDENCIA,8,ACTIVOS FINANCIEROS,82,REINTEGRO DE PRÉSTAMOS,820,A corto plazo,82000,A personal funcionario,5726.07
11,PRESIDENCIA DE LA JUNTA DE COMUNIDADES D,1104,SECRETARÍA GENERAL DE PRESIDENCIA,8,ACTIVOS FINANCIEROS,82,REINTEGRO DE PRÉSTAMOS,820,A corto plazo,82001,A personal laboral,2750
11,PRESIDENCIA DE LA JUNTA DE COMUNIDADES D,1104,SECRETARÍA GENERAL DE PRESIDENCIA,8,ACTIVOS FINANCIEROS,82,REINTEGRO DE PRÉSTAMOS,821,A largo plazo,82100,A personal funcionario,3099.79
11,PRESIDENCIA DE LA JUNTA DE COMUNIDADES D,1104,SECRETARÍA GENERAL DE PRESIDENCIA,8,ACTIVOS FINANCIEROS,82,REINTEGRO DE PRÉSTAMOS,821,A largo plazo,82101,A personal laboral,916.69
11,PRESIDENCIA DE LA JUNTA DE COMUNIDADES D,1104,SECRETARÍA GENERAL DE PRESIDENCIA,8,ACTIVOS FINANCIEROS,87,REMANENTE DE TESORERÍA,870,Remanente de tesorería,87000,Remanente de tesorería,
15,"HACIENDA, ADMINISTR. PÚBLICAS Y TRANSF.",1502,SECRETARÍA GENERAL,1,IMPUESTOS DIRECTOS,10,SOBRE LA RENTA,100,Impuesto sobre la Renta,10000,Tramo autonómico del IRPF,995294172.48
15,"HACIENDA, ADMINISTR. PÚBLICAS Y TRANSF.",1502,SECRETARÍA GENERAL,1,IMPUESTOS DIRECTOS,10,SOBRE LA RENTA,100,Impuesto sobre la Renta,10001,IRPF. Liquidación de ejercicios anterior,
15,"HACIENDA, ADMINISTR. PÚBLICAS Y TRANSF.",1502,SECRETARÍA GENERAL,1,IMPUESTOS DIRECTOS,11,SOBRE EL CAPITAL,110,Impuesto sobre sucesiones,11001,Impuesto sobre sucesiones,39343611.6
15,"HACIENDA, ADMINISTR. PÚBLICAS Y TRANSF.",1502,SECRETARÍA GENERAL,1,IMPUESTOS DIRECTOS,11,SOBRE EL CAPITAL,110,Impuesto sobre sucesiones,11002,Impuesto sobre donaciones,4094746.38
15,"HACIENDA, ADMINISTR. PÚBLICAS Y TRANSF.",1502,SECRETARÍA GENERAL,1,IMPUESTOS DIRECTOS,11,SOBRE EL CAPITAL,111,Impuesto sobre patrimonio,11100,Impuesto sobre patrimonio,403080.1
15,"HACIENDA, ADMINISTR. PÚBLICAS Y TRANSF.",1502,SECRETARÍA GENERAL,1,IMPUESTOS DIRECTOS,11,SOBRE EL CAPITAL,113,Impues sobre Depósitos en las Entidades,11300,Impues sobre Depósitos en las Entidades,459.95
15,"HACIENDA, ADMINISTR. PÚBLICAS Y TRANSF.",1502,SECRETARÍA GENERAL,1,IMPUESTOS DIRECTOS,19,OTROS IMPUESTOS DIRECTOS,191,Impuestos sobre diversos márgenes,19100,Impuesto sobre margen intereses y comisi,53381760.52
15,"HACIENDA, ADMINISTR. PÚBLICAS Y TRANSF.",1502,SECRETARÍA GENERAL,2,IMPUESTOS INDIRECTOS,20,T. PATRIMONIALES Y A.J.D.,200,Transmisiones intervivos,20001,Transm patrimoniales oner,184069465.84
15,"HACIENDA, ADMINISTR. PÚBLICAS Y TRANSF.",1502,SECRETARÍA GENERAL,2,IMPUESTOS INDIRECTOS,20,T. PATRIMONIALES Y A.J.D.,200,Transmisiones intervivos,20002,Operaciones societarias,413659.29
15,"HACIENDA, ADMINISTR. PÚBLICAS Y TRANSF.",1502,SECRETARÍA GENERAL,2,IMPUESTOS INDIRECTOS,20,T. PATRIMONIALES Y A.J.D.,201,Actos jurídicos document,20100,Actos jurídicos document,71388700.6
15,"HACIENDA, ADMINISTR. PÚBLICAS Y TRANSF.",1502,SECRETARÍA GENERAL,2,IMPUESTOS INDIRECTOS,21,SOBRE EL JUEGO,211,Impuesto sobre las actividades del juego,21100,Impuesto sobre las actividades del juego,5285726.14
15,"HACIENDA, ADMINISTR. PÚBLICAS Y TRANSF.",1502,SECRETARÍA GENERAL,2,IMPUESTOS INDIRECTOS,22,SOBRE CONSUMOS ESPECÍFICO,220,Impuestos especiales,22000,Sobre medios transporte,9220718.27
15,"HACIENDA, ADMINISTR. PÚBLICAS Y TRANSF.",1502,SECRETARÍA GENERAL,2,IMPUESTOS INDIRECTOS,22,SOBRE CONSUMOS ESPECÍFICO,220,Impuestos especiales,22001,Imp espe sobre la cerveza,4176270
15,"HACIENDA, ADMINISTR. PÚBLICAS Y TRANSF.",1502,SECRETARÍA GENERAL,2,IMPUESTOS INDIRECTOS,22,SOBRE CONSUMOS ESPECÍFICO,220,Impuestos especiales,22003,Imp espec prod intermedio,232042.47
15,"HACIENDA, ADMINISTR. PÚBLICAS Y TRANSF.",1502,SECRETARÍA GENERAL,2,IMPUESTOS INDIRECTOS,22,SOBRE CONSUMOS ESPECÍFICO,220,Impuestos especiales,22004,Imp esp s/alcohol y bebid,10041289.98
15,"HACIENDA, ADMINISTR. PÚBLICAS Y TRANSF.",1502,SECRETARÍA GENERAL,2,IMPUESTOS INDIRECTOS,22,SOBRE CONSUMOS ESPECÍFICO,220,Impuestos especiales,22005,Imp espe s/ hidrocarburos,261860734.98
15,"HACIENDA, ADMINISTR. PÚBLICAS Y TRANSF.",1502,SECRETARÍA GENERAL,2,IMPUESTOS INDIRECTOS,22,SOBRE CONSUMOS ESPECÍFICO,220,Impuestos especiales,22006,Imp. espec labores tabaco,92515704.99
15,"HACIENDA, ADMINISTR. PÚBLICAS Y TRANSF.",1502,SECRETARÍA GENERAL,2,IMPUESTOS INDIRECTOS,22,SOBRE CONSUMOS ESPECÍFICO,220,Impuestos especiales,22007,Imp espec s/ electricidad,32489202.48
15,"HACIENDA, ADMINISTR. PÚBLICAS Y TRANSF.",1502,SECRETARÍA GENERAL,2,IMPUESTOS INDIRECTOS,22,SOBRE CONSUMOS ESPECÍFICO,220,Impuestos especiales,22009,Tipo autonómico del impuesto especial so,-7965.23
15,"HACIENDA, ADMINISTR. PÚBLICAS Y TRANSF.",1502,SECRETARÍA GENERAL,2,IMPUESTOS INDIRECTOS,22,SOBRE CONSUMOS ESPECÍFICO,220,Impuestos especiales,22011,Imp esp sobre la cerveza. Liq ejercicios,
15,"HACIENDA, ADMINISTR. PÚBLICAS Y TRANSF.",1502,SECRETARÍA GENERAL,2,IMPUESTOS INDIRECTOS,22,SOBRE CONSUMOS ESPECÍFICO,220,Impuestos especiales,22013,Imp especial sobre productos interm. Liq,
15,"HACIENDA, ADMINISTR. PÚBLICAS Y TRANSF.",1502,SECRETARÍA GENERAL,2,IMPUESTOS INDIRECTOS,22,SOBRE CONSUMOS ESPECÍFICO,220,Impuestos especiales,22014,Imp esp s alcohol y beb deri. Liq ejerc,
15,"HACIENDA, ADMINISTR. PÚBLICAS Y TRANSF.",1502,SECRETARÍA GENERAL,2,IMPUESTOS INDIRECTOS,22,SOBRE CONSUMOS ESPECÍFICO,220,Impuestos especiales,22015,Imp. esp sobre hidrocarburos. Liq ejer a,
15,"HACIENDA, ADMINISTR. PÚBLICAS Y TRANSF.",1502,SECRETARÍA GENERAL,2,IMPUESTOS INDIRECTOS,22,SOBRE CONSUMOS ESPECÍFICO,220,Impuestos especiales,22016,Imp especial s las labores del tabaco. L,
15,"HACIENDA, ADMINISTR. PÚBLICAS Y TRANSF.",1502,SECRETARÍA GENERAL,2,IMPUESTOS INDIRECTOS,22,SOBRE CONSUMOS ESPECÍFICO,220,Impuestos especiales,22017,Imp esp sobre la electricidad. Liq de ej,
15,"HACIENDA, ADMINISTR. PÚBLICAS Y TRANSF.",1502,SECRETARÍA GENERAL,2,IMPUESTOS INDIRECTOS,23,SOBRE EL VALOR AÑADIDO,230,Sobre el valor añadido,23000,sobre el valor añadido,886250294.97
15,"HACIENDA, ADMINISTR. PÚBLICAS Y TRANSF.",1502,SECRETARÍA GENERAL,2,IMPUESTOS INDIRECTOS,23,SOBRE EL VALOR AÑADIDO,230,Sobre el valor añadido,23001,IVA. Liquidación de ejercicios anteriore,
15,"HACIENDA, ADMINISTR. PÚBLICAS Y TRANSF.",1502,SECRETARÍA GENERAL,2,IMPUESTOS INDIRECTOS,24,IMPUESTOS MEDIOAMBIENTAL,240,I.actividades inciden M.A,24000,I.actividades inciden M.A,564992.32
15,"HACIENDA, ADMINISTR. PÚBLICAS Y TRANSF.",1502,SECRETARÍA GENERAL,2,IMPUESTOS INDIRECTOS,24,IMPUESTOS MEDIOAMBIENTAL,241,I.actividad gener efectos adverso sobre,24103,"I.s/deposito residuos vertederos, incin.",12597672.32
15,"HACIENDA, ADMINISTR. PÚBLICAS Y TRANSF.",1502,SECRETARÍA GENERAL,3,"TASAS, PP.PP. Y OTROS ING",30,VENTA DE BIENES,309,Venta de otros bienes,30900,Venta de otros bienes,13500
15,"HACIENDA, ADMINISTR. PÚBLICAS Y TRANSF.",1502,SECRETARÍA GENERAL,3,"TASAS, PP.PP. Y OTROS ING",31,PRESTACIÓN DE SERVICIOS,310,Tarifas de publicidad,31000,Tarifas de publicidad,52.23
15,"HACIENDA, ADMINISTR. PÚBLICAS Y TRANSF.",1502,SECRETARÍA GENERAL,3,"TASAS, PP.PP. Y OTROS ING",31,PRESTACIÓN DE SERVICIOS,311,Derechos matrícula c y s,31100,Derechos matrícula c y s,56.19
15,"HACIENDA, ADMINISTR. PÚBLICAS Y TRANSF.",1502,SECRETARÍA GENERAL,3,"TASAS, PP.PP. Y OTROS ING",31,PRESTACIÓN DE SERVICIOS,318,Otros precios públicos,31800,Otros precios públicos,0.1
15,"HACIENDA, ADMINISTR. PÚBLICAS Y TRANSF.",1502,SECRETARÍA GENERAL,3,"TASAS, PP.PP. Y OTROS ING",32,TASAS,320,"Tasa fiscal sobre juegos de suerte, envi",32000,Bingo,659396.73
15,"HACIENDA, ADMINISTR. PÚBLICAS Y TRANSF.",1502,SECRETARÍA GENERAL,3,"TASAS, PP.PP. Y OTROS ING",32,TASAS,320,"Tasa fiscal sobre juegos de suerte, envi",32001,Máquinas recreativas,17647695.06
15,"HACIENDA, ADMINISTR. PÚBLICAS Y TRANSF.",1502,SECRETARÍA GENERAL,3,"TASAS, PP.PP. Y OTROS ING",32,TASAS,320,"Tasa fiscal sobre juegos de suerte, envi",32002,Casinos y establecimientos de juegos de,491124.06
15,"HACIENDA, ADMINISTR. PÚBLICAS Y TRANSF.",1502,SECRETARÍA GENERAL,3,"TASAS, PP.PP. Y OTROS ING",32,TASAS,321,"Tasa sobre rifas, tómbolas y combinacion",32100,Rifas y tómbolas,1096088.44
15,"HACIENDA, ADMINISTR. PÚBLICAS Y TRANSF.",1502,SECRETARÍA GENERAL,3,"TASAS, PP.PP. Y OTROS ING",32,TASAS,322,Tasas direc e insp obras,32200,Dirección e inspec. obras,403298.99
15,"HACIENDA, ADMINISTR. PÚBLICAS Y TRANSF.",1502,SECRETARÍA GENERAL,3,"TASAS, PP.PP. Y OTROS ING",32,TASAS,329,Otras tasas,32900,Otras tasas,445439.41
15,"HACIENDA, ADMINISTR. PÚBLICAS Y TRANSF.",1502,SECRETARÍA GENERAL,3,"TASAS, PP.PP. Y OTROS ING",38,REINTEGROS OPERACIONES C.,380,De ejercicios cerrados,38000,De ejercicios cerrados,81317.34
15,"HACIENDA, ADMINISTR. PÚBLICAS Y TRANSF.",1502,SECRETARÍA GENERAL,3,"TASAS, PP.PP. Y OTROS ING",38,REINTEGROS OPERACIONES C.,380,De ejercicios cerrados,38090,Reintegros MRR,67
15,"HACIENDA, ADMINISTR. PÚBLICAS Y TRANSF.",1502,SECRETARÍA GENERAL,3,"TASAS, PP.PP. Y OTROS ING",38,REINTEGROS OPERACIONES C.,381,De presupuesto corriente,38100,De presupuesto corriente,77637.41
15,"HACIENDA, ADMINISTR. PÚBLICAS Y TRANSF.",1502,SECRETARÍA GENERAL,3,"TASAS, PP.PP. Y OTROS ING",39,OTROS INGRESOS,390,Recargos y multas,39000,Recargo de apremio,564101.8
15,"HACIENDA, ADMINISTR. PÚBLICAS Y TRANSF.",1502,SECRETARÍA GENERAL,3,"TASAS, PP.PP. Y OTROS ING",39,OTROS INGRESOS,390,Recargos y multas,39001,Intereses de demora,100936.52
15,"HACIENDA, ADMINISTR. PÚBLICAS Y TRANSF.",1502,SECRETARÍA GENERAL,3,"TASAS, PP.PP. Y OTROS ING",39,OTROS INGRESOS,390,Recargos y multas,39002,Multas y sanciones,653202.36
15,"HACIENDA, ADMINISTR. PÚBLICAS Y TRANSF.",1502,SECRETARÍA GENERAL,3,"TASAS, PP.PP. Y OTROS ING",39,OTROS INGRESOS,399,Ingresos diversos,39900,Ingresos diversos,7918.46
15,"HACIENDA, ADMINISTR. PÚBLICAS Y TRANSF.",1502,SECRETARÍA GENERAL,4,TRANSFERENCIAS CORRIENTES,43,"DE LA A.E., OO.AA., EE.PP",430,Fondos de Suficiencia y Convergencia,43000,Fondo de Suficiencia Global,52178549.97
15,"HACIENDA, ADMINISTR. PÚBLICAS Y TRANSF.",1502,SECRETARÍA GENERAL,4,TRANSFERENCIAS CORRIENTES,43,"DE LA A.E., OO.AA., EE.PP",430,Fondos de Suficiencia y Convergencia,43002,Fondo de Garantía Servicios Públicos Fun,876110366.19
15,"HACIENDA, ADMINISTR. PÚBLICAS Y TRANSF.",1502,SECRETARÍA GENERAL,4,TRANSFERENCIAS CORRIENTES,43,"DE LA A.E., OO.AA., EE.PP",430,Fondos de Suficiencia y Convergencia,43010,Fondo de Sufic Global. Liquidaci ejer an,
15,"HACIENDA, ADMINISTR. PÚBLICAS Y TRANSF.",1502,SECRETARÍA GENERAL,4,TRANSFERENCIAS CORRIENTES,43,"DE LA A.E., OO.AA., EE.PP",430,Fondos de Suficiencia y Convergencia,43012,Fondo Garantía de Ser Pbc Funda. Liq eje,
15,"HACIENDA, ADMINISTR. PÚBLICAS Y TRANSF.",1502,SECRETARÍA GENERAL,4,TRANSFERENCIAS CORRIENTES,43,"DE LA A.E., OO.AA., EE.PP",430,Fondos de Suficiencia y Convergencia,43014,Fondo de Cooperación. Liquidación ejer a,
15,"HACIENDA, ADMINISTR. PÚBLICAS Y TRANSF.",1502,SECRETARÍA GENERAL,4,TRANSFERENCIAS CORRIENTES,43,"DE LA A.E., OO.AA., EE.PP",434,De OO.AA. estatales,43400,De OO.AA. estatales,2963220
15,"HACIENDA, ADMINISTR. PÚBLICAS Y TRANSF.",1502,SECRETARÍA GENERAL,5,INGRESOS PATRIMONIALES,52,INTERESES DE DEPÓSITOS,520,Intereses cuentas bancar,52000,Intereses cuentas bancar,3314964.24
15,"HACIENDA, ADMINISTR. PÚBLICAS Y TRANSF.",1502,SECRETARÍA GENERAL,5,INGRESOS PATRIMONIALES,54,RENTA DE BIENES INMUEBLES,540,Alquileres y p. inmuebles,54000,Alquileres y prod inmuebl,3142.86
15,"HACIENDA, ADMINISTR. PÚBLICAS Y TRANSF.",1502,SECRETARÍA GENERAL,5,INGRESOS PATRIMONIALES,54,RENTA DE BIENES INMUEBLES,549,Otras rentas,54900,Otras rentas,
15,"HACIENDA, ADMINISTR. PÚBLICAS Y TRANSF.",1502,SECRETARÍA GENERAL,5,INGRESOS PATRIMONIALES,59,OTROS INGRESOS PATRIMON.,590,Otros ingresos patrimon,59000,Otros ingresos patrimon,2099916.46
15,"HACIENDA, ADMINISTR. PÚBLICAS Y TRANSF.",1502,SECRETARÍA GENERAL,6,ENAJENACIÓN INVERSIONES R,60,DE TERRENOS,603,Venta terrenos no urbanos,60300,Venta terrenos no urbanos,-2987.08
15,"HACIENDA, ADMINISTR. PÚBLICAS Y TRANSF.",1502,SECRETARÍA GENERAL,6,ENAJENACIÓN INVERSIONES R,61,DE LAS DEMÁS INVERSIONES,615,Venta elementos transport,61500,Venta elementos transport,12381.9
15,"HACIENDA, ADMINISTR. PÚBLICAS Y TRANSF.",1502,SECRETARÍA GENERAL,6,ENAJENACIÓN INVERSIONES R,61,DE LAS DEMÁS INVERSIONES,617,Venta equip proc informac,61700,Venta equip proc informac,1056
15,"HACIENDA, ADMINISTR. PÚBLICAS Y TRANSF.",1502,SECRETARÍA GENERAL,6,ENAJENACIÓN INVERSIONES R,61,DE LAS DEMÁS INVERSIONES,619,Venta otras invers reales,61900,Venta otras invers reales,
15,"HACIENDA, ADMINISTR. PÚBLICAS Y TRANSF.",1502,SECRETARÍA GENERAL,7,TRANSFERENCIAS DE CAPITAL,79,DEL EXTERIOR,790,FEDER,79000,FEDER,88850253.99
15,"HACIENDA, ADMINISTR. PÚBLICAS Y TRANSF.",1502,SECRETARÍA GENERAL,8,ACTIVOS FINANCIEROS,82,REINTEGRO DE PRÉSTAMOS,820,A corto plazo,82000,A personal funcionario,28405.3
15,"HACIENDA, ADMINISTR. PÚBLICAS Y TRANSF.",1502,SECRETARÍA GENERAL,8,ACTIVOS FINANCIEROS,82,REINTEGRO DE PRÉSTAMOS,820,A corto plazo,82001,A personal laboral,6253.36
15,"HACIENDA, ADMINISTR. PÚBLICAS Y TRANSF.",1502,SECRETARÍA GENERAL,8,ACTIVOS FINANCIEROS,82,REINTEGRO DE PRÉSTAMOS,821,A largo plazo,82100,A personal funcionario,20849.74
15,"HACIENDA, ADMINISTR. PÚBLICAS Y TRANSF.",1502,SECRETARÍA GENERAL,8,ACTIVOS FINANCIEROS,82,REINTEGRO DE PRÉSTAMOS,821,A largo plazo,82101,A personal laboral,9833.07
15,"HACIENDA, ADMINISTR. PÚBLICAS Y TRANSF.",1502,SECRETARÍA GENERAL,8,ACTIVOS FINANCIEROS,87,REMANENTE DE TESORERÍA,870,Remanente de tesorería,87000,Remanente de tesorería,
17,FOMENTO,1702,SECRETARÍA GENERAL,3,"TASAS, PP.PP. Y OTROS ING",31,PRESTACIÓN DE SERVICIOS,311,Derechos matrícula c y s,31100,Derechos matrícula c y s,36.56
17,FOMENTO,1702,SECRETARÍA GENERAL,3,"TASAS, PP.PP. Y OTROS ING",32,TASAS,322,Tasas direc e insp obras,32200,Dirección e inspec. obras,131983.65
17,FOMENTO,1702,SECRETARÍA GENERAL,3,"TASAS, PP.PP. Y OTROS ING",32,TASAS,325,"Tasa oo.pp.,trans,urb,viv",32500,Tasas oo.pp. y transporte,1283958.58
17,FOMENTO,1702,SECRETARÍA GENERAL,3,"TASAS, PP.PP. Y OTROS ING",32,TASAS,325,"Tasa oo.pp.,trans,urb,viv",32501,Tasas vivienda y urbanism,15247.79
17,FOMENTO,1702,SECRETARÍA GENERAL,3,"TASAS, PP.PP. Y OTROS ING",32,TASAS,329,Otras tasas,32900,Otras tasas,4115.8
17,FOMENTO,1702,SECRETARÍA GENERAL,3,"TASAS, PP.PP. Y OTROS ING",38,REINTEGROS OPERACIONES C.,380,De ejercicios cerrados,38000,De ejercicios cerrados,75697.07
17,FOMENTO,1702,SECRETARÍA GENERAL,3,"TASAS, PP.PP. Y OTROS ING",38,REINTEGROS OPERACIONES C.,381,De presupuesto corriente,38100,De presupuesto corriente,291352
17,FOMENTO,1702,SECRETARÍA GENERAL,3,"TASAS, PP.PP. Y OTROS ING",39,OTROS INGRESOS,390,Recargos y multas,39000,Recargo de apremio,52627.39
17,FOMENTO,1702,SECRETARÍA GENERAL,3,"TASAS, PP.PP. Y OTROS ING",39,OTROS INGRESOS,390,Recargos y multas,39001,Intereses de demora,9724.44
17,FOMENTO,1702,SECRETARÍA GENERAL,3,"TASAS, PP.PP. Y OTROS ING",39,OTROS INGRESOS,390,Recargos y multas,39002,Multas y sanciones,3348461.76
17,FOMENTO,1702,SECRETARÍA GENERAL,3,"TASAS, PP.PP. Y OTROS ING",39,OTROS INGRESOS,399,Ingresos diversos,39900,Ingresos diversos,2548410.61
17,FOMENTO,1702,SECRETARÍA GENERAL,4,TRANSFERENCIAS CORRIENTES,43,"DE LA A.E., OO.AA., EE.PP",432,De diversos Ministerios,43200,De diversos Ministerios,
17,FOMENTO,1702,SECRETARÍA GENERAL,4,TRANSFERENCIAS CORRIENTES,43,"DE LA A.E., OO.AA., EE.PP",432,De diversos Ministerios,43290,Mecanismo Recuperación y Resiliencia. Ne,
17,FOMENTO,1702,SECRETARÍA GENERAL,4,TRANSFERENCIAS CORRIENTES,46,DE CORPORACIONES LOCALES,460,De ayuntamientos,46000,De ayuntamientos,1128394.89
17,FOMENTO,1702,SECRETARÍA GENERAL,5,INGRESOS PATRIMONIALES,54,RENTA DE BIENES INMUEBLES,540,Alquileres y p. inmuebles,54000,Alquileres y prod inmuebl,2766789.93
17,FOMENTO,1702,SECRETARÍA GENERAL,6,ENAJENACIÓN INVERSIONES R,60,DE TERRENOS,600,Venta solares nat urbana,60000,Venta solares nat urbana,850000
17,FOMENTO,1702,SECRETARÍA GENERAL,6,ENAJENACIÓN INVERSIONES R,61,DE LAS DEMÁS INVERSIONES,610,Venta de viviendas,61000,Venta de viviendas,1717.37
17,FOMENTO,1702,SECRETARÍA GENERAL,6,ENAJENACIÓN INVERSIONES R,68,REINTEGROS O. DE CAPITAL,680,De ejercicios cerrados,68000,De transferencias capital,1408.22
17,FOMENTO,1702,SECRETARÍA GENERAL,6,ENAJENACIÓN INVERSIONES R,68,REINTEGROS O. DE CAPITAL,680,De ejercicios cerrados,68090,Reintegros MRR,433147.52
17,FOMENTO,1702,SECRETARÍA GENERAL,6,ENAJENACIÓN INVERSIONES R,68,REINTEGROS O. DE CAPITAL,681,De presupuesto corriente,68190,Reintegros MRR,1790.73
17,FOMENTO,1702,SECRETARÍA GENERAL,7,TRANSFERENCIAS DE CAPITAL,73,"DE A.E., OO.AA., EE.PP.",730,Fondo de Compensación Interterritorial,73000,Fondo de Compensación Interterritorial,2419977.5
17,FOMENTO,1702,SECRETARÍA GENERAL,7,TRANSFERENCIAS DE CAPITAL,73,"DE A.E., OO.AA., EE.PP.",730,Fondo de Compensación Interterritorial,73001,Fondo Complementario (FCI),1919382.5
17,FOMENTO,1702,SECRETARÍA GENERAL,7,TRANSFERENCIAS DE CAPITAL,73,"DE A.E., OO.AA., EE.PP.",732,De diversos Ministerios,73200,De diversos Ministerios,
17,FOMENTO,1702,SECRETARÍA GENERAL,7,TRANSFERENCIAS DE CAPITAL,73,"DE A.E., OO.AA., EE.PP.",732,De diversos Ministerios,73290,Mecanismo Recuperación y Resiliencia. Ne,
17,FOMENTO,1702,SECRETARÍA GENERAL,7,TRANSFERENCIAS DE CAPITAL,73,"DE A.E., OO.AA., EE.PP.",736,De otros EE.PP. estatales,73600,De otros EE.PP. estatales,
17,FOMENTO,1702,SECRETARÍA GENERAL,7,TRANSFERENCIAS DE CAPITAL,76,DE CORPORACIONES LOCALES,760,De ayuntamientos,76000,De ayuntamientos,170405
17,FOMENTO,1702,SECRETARÍA GENERAL,8,ACTIVOS FINANCIEROS,82,REINTEGRO DE PRÉSTAMOS,820,A corto plazo,82000,A personal funcionario,12878.65
17,FOMENTO,1702,SECRETARÍA GENERAL,8,ACTIVOS FINANCIEROS,82,REINTEGRO DE PRÉSTAMOS,820,A corto plazo,82001,A personal laboral,8589.7
17,FOMENTO,1702,SECRETARÍA GENERAL,8,ACTIVOS FINANCIEROS,82,REINTEGRO DE PRÉSTAMOS,821,A largo plazo,82100,A personal funcionario,13042.78
17,FOMENTO,1702,SECRETARÍA GENERAL,8,ACTIVOS FINANCIEROS,82,REINTEGRO DE PRÉSTAMOS,821,A largo plazo,82101,A personal laboral,28896.95
17,FOMENTO,1702,SECRETARÍA GENERAL,8,ACTIVOS FINANCIEROS,87,REMANENTE DE TESORERÍA,870,Remanente de tesorería,87000,Remanente de tesorería,
18,"EDUCACIÓN, CULTURA Y DEPORTES",1802,SECRETARÍA GENERAL,3,"TASAS, PP.PP. Y OTROS ING",30,VENTA DE BIENES,300,Venta de publicaciones,30000,Venta de publicaciones,438.95
18,"EDUCACIÓN, CULTURA Y DEPORTES",1802,SECRETARÍA GENERAL,3,"TASAS, PP.PP. Y OTROS ING",30,VENTA DE BIENES,309,Venta de otros bienes,30900,Venta de otros bienes,70.27
18,"EDUCACIÓN, CULTURA Y DEPORTES",1802,SECRETARÍA GENERAL,3,"TASAS, PP.PP. Y OTROS ING",31,PRESTACIÓN DE SERVICIOS,310,Tarifas de publicidad,31000,Tarifas de publicidad,148.76
18,"EDUCACIÓN, CULTURA Y DEPORTES",1802,SECRETARÍA GENERAL,3,"TASAS, PP.PP. Y OTROS ING",31,PRESTACIÓN DE SERVICIOS,311,Derechos matrícula c y s,31100,Derechos matrícula c y s,10616.96
18,"EDUCACIÓN, CULTURA Y DEPORTES",1802,SECRETARÍA GENERAL,3,"TASAS, PP.PP. Y OTROS ING",31,PRESTACIÓN DE SERVICIOS,312,"Derechos alojam, rest y r",31200,Derechos de alojamiento,68947.76
18,"EDUCACIÓN, CULTURA Y DEPORTES",1802,SECRETARÍA GENERAL,3,"TASAS, PP.PP. Y OTROS ING",31,PRESTACIÓN DE SERVICIOS,313,"Entradas museos, exposic",31300,Entradas a museos,17400
18,"EDUCACIÓN, CULTURA Y DEPORTES",1802,SECRETARÍA GENERAL,3,"TASAS, PP.PP. Y OTROS ING",31,PRESTACIÓN DE SERVICIOS,318,Otros precios públicos,31800,Otros precios públicos,1203501.34
18,"EDUCACIÓN, CULTURA Y DEPORTES",1802,SECRETARÍA GENERAL,3,"TASAS, PP.PP. Y OTROS ING",32,TASAS,322,Tasas direc e insp obras,32200,Dirección e inspec. obras,185033.49
18,"EDUCACIÓN, CULTURA Y DEPORTES",1802,SECRETARÍA GENERAL,3,"TASAS, PP.PP. Y OTROS ING",32,TASAS,327,Tasas materia educación,32700,Tasas materia educación,774183.2
18,"EDUCACIÓN, CULTURA Y DEPORTES",1802,SECRETARÍA GENERAL,3,"TASAS, PP.PP. Y OTROS ING",32,TASAS,329,Otras tasas,32900,Otras tasas,3645.11
18,"EDUCACIÓN, CULTURA Y DEPORTES",1802,SECRETARÍA GENERAL,3,"TASAS, PP.PP. Y OTROS ING",38,REINTEGROS OPERACIONES C.,380,De ejercicios cerrados,38000,De ejercicios cerrados,673798.94
18,"EDUCACIÓN, CULTURA Y DEPORTES",1802,SECRETARÍA GENERAL,3,"TASAS, PP.PP. Y OTROS ING",38,REINTEGROS OPERACIONES C.,380,De ejercicios cerrados,38090,Reintegros MRR,24712.53
18,"EDUCACIÓN, CULTURA Y DEPORTES",1802,SECRETARÍA GENERAL,3,"TASAS, PP.PP. Y OTROS ING",38,REINTEGROS OPERACIONES C.,381,De presupuesto corriente,38100,De presupuesto corriente,389961.72
18,"EDUCACIÓN, CULTURA Y DEPORTES",1802,SECRETARÍA GENERAL,3,"TASAS, PP.PP. Y OTROS ING",39,OTROS INGRESOS,390,Recargos y multas,39000,Recargo de apremio,947.53
18,"EDUCACIÓN, CULTURA Y DEPORTES",1802,SECRETARÍA GENERAL,3,"TASAS, PP.PP. Y OTROS ING",39,OTROS INGRESOS,390,Recargos y multas,39001,Intereses de demora,2507.34
18,"EDUCACIÓN, CULTURA Y DEPORTES",1802,SECRETARÍA GENERAL,3,"TASAS, PP.PP. Y OTROS ING",39,OTROS INGRESOS,390,Recargos y multas,39002,Multas y sanciones,502
18,"EDUCACIÓN, CULTURA Y DEPORTES",1802,SECRETARÍA GENERAL,3,"TASAS, PP.PP. Y OTROS ING",39,OTROS INGRESOS,399,Ingresos diversos,39900,Ingresos diversos,188799.93
18,"EDUCACIÓN, CULTURA Y DEPORTES",1802,SECRETARÍA GENERAL,4,TRANSFERENCIAS CORRIENTES,41,DE OO.AA. DE LA JUNTA,410,De OO.AA. de la Junta,41000,De OO.AA. de la Junta,140844
18,"EDUCACIÓN, CULTURA Y DEPORTES",1802,SECRETARÍA GENERAL,4,TRANSFERENCIAS CORRIENTES,43,"DE LA A.E., OO.AA., EE.PP",432,De diversos Ministerios,43200,De diversos Ministerios,2264412.51
18,"EDUCACIÓN, CULTURA Y DEPORTES",1802,SECRETARÍA GENERAL,4,TRANSFERENCIAS CORRIENTES,43,"DE LA A.E., OO.AA., EE.PP",432,De diversos Ministerios,43290,Mecanismo Recuperación y Resiliencia. Ne,
18,"EDUCACIÓN, CULTURA Y DEPORTES",1802,SECRETARÍA GENERAL,4,TRANSFERENCIAS CORRIENTES,46,DE CORPORACIONES LOCALES,461,De diputaciones,46100,De diputaciones,155000
18,"EDUCACIÓN, CULTURA Y DEPORTES",1802,SECRETARÍA GENERAL,4,TRANSFERENCIAS CORRIENTES,49,DEL EXTERIOR,499,Otras transferencias,49900,Otras transferencias,3795.3
18,"EDUCACIÓN, CULTURA Y DEPORTES",1802,SECRETARÍA GENERAL,5,INGRESOS PATRIMONIALES,55,"PRODUCTOS, CONCESIONES",550,Concesiones administrativ,55000,Concesiones administrativ,66666.7
18,"EDUCACIÓN, CULTURA Y DEPORTES",1802,SECRETARÍA GENERAL,6,ENAJENACIÓN INVERSIONES R,68,REINTEGROS O. DE CAPITAL,680,De ejercicios cerrados,68000,De transferencias capital,7875.42
18,"EDUCACIÓN, CULTURA Y DEPORTES",1802,SECRETARÍA GENERAL,6,ENAJENACIÓN INVERSIONES R,68,REINTEGROS O. DE CAPITAL,680,De ejercicios cerrados,68090,Reintegros MRR,2.6
18,"EDUCACIÓN, CULTURA Y DEPORTES",1802,SECRETARÍA GENERAL,6,ENAJENACIÓN INVERSIONES R,68,REINTEGROS O. DE CAPITAL,681,De presupuesto corriente,68100,De transferencias capital,14443.89
18,"EDUCACIÓN, CULTURA Y DEPORTES",1802,SECRETARÍA GENERAL,7,TRANSFERENCIAS DE CAPITAL,73,"DE A.E., OO.AA., EE.PP.",732,De diversos Ministerios,73200,De diversos Ministerios,
18,"EDUCACIÓN, CULTURA Y DEPORTES",1802,SECRETARÍA GENERAL,7,TRANSFERENCIAS DE CAPITAL,73,"DE A.E., OO.AA., EE.PP.",732,De diversos Ministerios,73290,Mecanismo Recuperación y Resiliencia. Ne,
18,"EDUCACIÓN, CULTURA Y DEPORTES",1802,SECRETARÍA GENERAL,8,ACTIVOS FINANCIEROS,82,REINTEGRO DE PRÉSTAMOS,820,A corto plazo,82000,A personal funcionario,29487.04
18,"EDUCACIÓN, CULTURA Y DEPORTES",1802,SECRETARÍA GENERAL,8,ACTIVOS FINANCIEROS,82,REINTEGRO DE PRÉSTAMOS,820,A corto plazo,82001,A personal laboral,15662.16
18,"EDUCACIÓN, CULTURA Y DEPORTES",1802,SECRETARÍA GENERAL,8,ACTIVOS FINANCIEROS,82,REINTEGRO DE PRÉSTAMOS,821,A largo plazo,82100,A personal funcionario,28671.26
18,"EDUCACIÓN, CULTURA Y DEPORTES",1802,SECRETARÍA GENERAL,8,ACTIVOS FINANCIEROS,82,REINTEGRO DE PRÉSTAMOS,821,A largo plazo,82101,A personal laboral,55893.82
18,"EDUCACIÓN, CULTURA Y DEPORTES",1802,SECRETARÍA GENERAL,8,ACTIVOS FINANCIEROS,87,REMANENTE DE TESORERÍA,870,Remanente de tesorería,87000,Remanente de tesorería,
19,"ECONOMÍA, EMPRESAS Y EMPLEO",1902,SECRETARÍA GENERAL,3,"TASAS, PP.PP. Y OTROS ING",31,PRESTACIÓN DE SERVICIOS,311,Derechos matrícula c y s,31100,Derechos matrícula c y s,263.56
19,"ECONOMÍA, EMPRESAS Y EMPLEO",1902,SECRETARÍA GENERAL,3,"TASAS, PP.PP. Y OTROS ING",31,PRESTACIÓN DE SERVICIOS,318,Otros precios públicos,31800,Otros precios públicos,18.8
19,"ECONOMÍA, EMPRESAS Y EMPLEO",1902,SECRETARÍA GENERAL,3,"TASAS, PP.PP. Y OTROS ING",32,TASAS,322,Tasas direc e insp obras,32200,Dirección e inspec. obras,103316.39
19,"ECONOMÍA, EMPRESAS Y EMPLEO",1902,SECRETARÍA GENERAL,3,"TASAS, PP.PP. Y OTROS ING",32,TASAS,329,Otras tasas,32900,Otras tasas,56199.42
19,"ECONOMÍA, EMPRESAS Y EMPLEO",1902,SECRETARÍA GENERAL,3,"TASAS, PP.PP. Y OTROS ING",38,REINTEGROS OPERACIONES C.,380,De ejercicios cerrados,38000,De ejercicios cerrados,3591797.78
19,"ECONOMÍA, EMPRESAS Y EMPLEO",1902,SECRETARÍA GENERAL,3,"TASAS, PP.PP. Y OTROS ING",38,REINTEGROS OPERACIONES C.,380,De ejercicios cerrados,38090,Reintegros MRR,624317.42
19,"ECONOMÍA, EMPRESAS Y EMPLEO",1902,SECRETARÍA GENERAL,3,"TASAS, PP.PP. Y OTROS ING",38,REINTEGROS OPERACIONES C.,381,De presupuesto corriente,38100,De presupuesto corriente,289386.46
19,"ECONOMÍA, EMPRESAS Y EMPLEO",1902,SECRETARÍA GENERAL,3,"TASAS, PP.PP. Y OTROS ING",38,REINTEGROS OPERACIONES C.,381,De presupuesto corriente,38190,Reintegros MRR,
19,"ECONOMÍA, EMPRESAS Y EMPLEO",1902,SECRETARÍA GENERAL,3,"TASAS, PP.PP. Y OTROS ING",39,OTROS INGRESOS,390,Recargos y multas,39000,Recargo de apremio,119366.42
19,"ECONOMÍA, EMPRESAS Y EMPLEO",1902,SECRETARÍA GENERAL,3,"TASAS, PP.PP. Y OTROS ING",39,OTROS INGRESOS,390,Recargos y multas,39001,Intereses de demora,151175.73
19,"ECONOMÍA, EMPRESAS Y EMPLEO",1902,SECRETARÍA GENERAL,3,"TASAS, PP.PP. Y OTROS ING",39,OTROS INGRESOS,390,Recargos y multas,39002,Multas y sanciones,1434677.99
19,"ECONOMÍA, EMPRESAS Y EMPLEO",1902,SECRETARÍA GENERAL,3,"TASAS, PP.PP. Y OTROS ING",39,OTROS INGRESOS,390,Recargos y multas,39003,Multas salud y prev r lab,1684411.62
19,"ECONOMÍA, EMPRESAS Y EMPLEO",1902,SECRETARÍA GENERAL,3,"TASAS, PP.PP. Y OTROS ING",39,OTROS INGRESOS,390,Recargos y multas,39009,Otros,-81309.44
19,"ECONOMÍA, EMPRESAS Y EMPLEO",1902,SECRETARÍA GENERAL,3,"TASAS, PP.PP. Y OTROS ING",39,OTROS INGRESOS,399,Ingresos diversos,39900,Ingresos diversos,165445.36
19,"ECONOMÍA, EMPRESAS Y EMPLEO",1902,SECRETARÍA GENERAL,4,TRANSFERENCIAS CORRIENTES,43,"DE LA A.E., OO.AA., EE.PP",432,De diversos Ministerios,43200,De diversos Ministerios,
19,"ECONOMÍA, EMPRESAS Y EMPLEO",1902,SECRETARÍA GENERAL,4,TRANSFERENCIAS CORRIENTES,43,"DE LA A.E., OO.AA., EE.PP",432,De diversos Ministerios,43290,Mecanismo Recuperación y Resiliencia. Ne,
19,"ECONOMÍA, EMPRESAS Y EMPLEO",1902,SECRETARÍA GENERAL,4,TRANSFERENCIAS CORRIENTES,43,"DE LA A.E., OO.AA., EE.PP",434,De OO.AA. estatales,43400,De OO.AA. estatales,
19,"ECONOMÍA, EMPRESAS Y EMPLEO",1902,SECRETARÍA GENERAL,4,TRANSFERENCIAS CORRIENTES,46,DE CORPORACIONES LOCALES,461,De diputaciones,46100,De diputaciones,3547659.84
19,"ECONOMÍA, EMPRESAS Y EMPLEO",1902,SECRETARÍA GENERAL,4,TRANSFERENCIAS CORRIENTES,49,DEL EXTERIOR,494,Fondo Social Europeo. FSE,49400,Fondo Social Europeo,59399497.39
19,"ECONOMÍA, EMPRESAS Y EMPLEO",1902,SECRETARÍA GENERAL,4,TRANSFERENCIAS CORRIENTES,49,DEL EXTERIOR,494,Fondo Social Europeo. FSE,49401,Iniciativa de Empleo Juvenil (FSE-YEI),
19,"ECONOMÍA, EMPRESAS Y EMPLEO",1902,SECRETARÍA GENERAL,4,TRANSFERENCIAS CORRIENTES,49,DEL EXTERIOR,494,Fondo Social Europeo. FSE,49402,FSE+ Asistencia Material Básica. 21-27,59175.13
19,"ECONOMÍA, EMPRESAS Y EMPLEO",1902,SECRETARÍA GENERAL,6,ENAJENACIÓN INVERSIONES R,68,REINTEGROS O. DE CAPITAL,680,De ejercicios cerrados,68000,De transferencias capital,301694.42
19,"ECONOMÍA, EMPRESAS Y EMPLEO",1902,SECRETARÍA GENERAL,6,ENAJENACIÓN INVERSIONES R,68,REINTEGROS O. DE CAPITAL,681,De presupuesto corriente,68190,Reintegros MRR,5838.25
19,"ECONOMÍA, EMPRESAS Y EMPLEO",1902,SECRETARÍA GENERAL,7,TRANSFERENCIAS DE CAPITAL,73,"DE A.E., OO.AA., EE.PP.",732,De diversos Ministerios,73290,Mecanismo Recuperación y Resiliencia. Ne,
19,"ECONOMÍA, EMPRESAS Y EMPLEO",1902,SECRETARÍA GENERAL,7,TRANSFERENCIAS DE CAPITAL,73,"DE A.E., OO.AA., EE.PP.",734,De OO.AA. estatales,73400,De OO.AA. estatales,
19,"ECONOMÍA, EMPRESAS Y EMPLEO",1902,SECRETARÍA GENERAL,7,TRANSFERENCIAS DE CAPITAL,77,DE EMPRESAS PRIVADAS,770,De empresas privadas,77000,De empresas privadas,6655.15
19,"ECONOMÍA, EMPRESAS Y EMPLEO",1902,SECRETARÍA GENERAL,8,ACTIVOS FINANCIEROS,82,REINTEGRO DE PRÉSTAMOS,820,A corto plazo,82000,A personal funcionario,28231.63
19,"ECONOMÍA, EMPRESAS Y EMPLEO",1902,SECRETARÍA GENERAL,8,ACTIVOS FINANCIEROS,82,REINTEGRO DE PRÉSTAMOS,820,A corto plazo,82001,A personal laboral,3901.32
19,"ECONOMÍA, EMPRESAS Y EMPLEO",1902,SECRETARÍA GENERAL,8,ACTIVOS FINANCIEROS,82,REINTEGRO DE PRÉSTAMOS,821,A largo plazo,82100,A personal funcionario,29628.69
19,"ECONOMÍA, EMPRESAS Y EMPLEO",1902,SECRETARÍA GENERAL,8,ACTIVOS FINANCIEROS,82,REINTEGRO DE PRÉSTAMOS,821,A largo plazo,82101,A personal laboral,2333.47
19,"ECONOMÍA, EMPRESAS Y EMPLEO",1902,SECRETARÍA GENERAL,8,ACTIVOS FINANCIEROS,87,REMANENTE DE TESORERÍA,870,Remanente de tesorería,87000,Remanente de tesorería,
21,"AGRICULTURA, GANADERÍA Y DESARROLLO RURA",2102,SECRETARÍA GENERAL,3,"TASAS, PP.PP. Y OTROS ING",30,VENTA DE BIENES,301,Venta  prod agropecuarios,30100,Venta prod agropecuarios,17979.57
21,"AGRICULTURA, GANADERÍA Y DESARROLLO RURA",2102,SECRETARÍA GENERAL,3,"TASAS, PP.PP. Y OTROS ING",31,PRESTACIÓN DE SERVICIOS,311,Derechos matrícula c y s,31100,Derechos matrícula c y s,2162.32
21,"AGRICULTURA, GANADERÍA Y DESARROLLO RURA",2102,SECRETARÍA GENERAL,3,"TASAS, PP.PP. Y OTROS ING",31,PRESTACIÓN DE SERVICIOS,314,Derecho plantación viñedo,31400,Derecho plantación viñedo,2467.04
21,"AGRICULTURA, GANADERÍA Y DESARROLLO RURA",2102,SECRETARÍA GENERAL,3,"TASAS, PP.PP. Y OTROS ING",31,PRESTACIÓN DE SERVICIOS,318,Otros precios públicos,31800,Otros precios públicos,5055.27
21,"AGRICULTURA, GANADERÍA Y DESARROLLO RURA",2102,SECRETARÍA GENERAL,3,"TASAS, PP.PP. Y OTROS ING",32,TASAS,322,Tasas direc e insp obras,32200,Dirección e inspec. obras,9157.2
21,"AGRICULTURA, GANADERÍA Y DESARROLLO RURA",2102,SECRETARÍA GENERAL,3,"TASAS, PP.PP. Y OTROS ING",32,TASAS,323,Tasas materia agricultura,32300,Tasas materia agricultura,258704.47
21,"AGRICULTURA, GANADERÍA Y DESARROLLO RURA",2102,SECRETARÍA GENERAL,3,"TASAS, PP.PP. Y OTROS ING",32,TASAS,323,Tasas materia agricultura,32301,Tasas materia medioambien,15358.26
21,"AGRICULTURA, GANADERÍA Y DESARROLLO RURA",2102,SECRETARÍA GENERAL,3,"TASAS, PP.PP. Y OTROS ING",32,TASAS,329,Otras tasas,32900,Otras tasas,61547.72
21,"AGRICULTURA, GANADERÍA Y DESARROLLO RURA",2102,SECRETARÍA GENERAL,3,"TASAS, PP.PP. Y OTROS ING",38,REINTEGROS OPERACIONES C.,380,De ejercicios cerrados,38000,De ejercicios cerrados,226797.08
21,"AGRICULTURA, GANADERÍA Y DESARROLLO RURA",2102,SECRETARÍA GENERAL,3,"TASAS, PP.PP. Y OTROS ING",38,REINTEGROS OPERACIONES C.,381,De presupuesto corriente,38100,De presupuesto corriente,21869.76
21,"AGRICULTURA, GANADERÍA Y DESARROLLO RURA",2102,SECRETARÍA GENERAL,3,"TASAS, PP.PP. Y OTROS ING",38,REINTEGROS OPERACIONES C.,381,De presupuesto corriente,38190,Reintegros MRR,2512.38
21,"AGRICULTURA, GANADERÍA Y DESARROLLO RURA",2102,SECRETARÍA GENERAL,3,"TASAS, PP.PP. Y OTROS ING",39,OTROS INGRESOS,390,Recargos y multas,39000,Recargo de apremio,23947.39
21,"AGRICULTURA, GANADERÍA Y DESARROLLO RURA",2102,SECRETARÍA GENERAL,3,"TASAS, PP.PP. Y OTROS ING",39,OTROS INGRESOS,390,Recargos y multas,39001,Intereses de demora,39165.5
21,"AGRICULTURA, GANADERÍA Y DESARROLLO RURA",2102,SECRETARÍA GENERAL,3,"TASAS, PP.PP. Y OTROS ING",39,OTROS INGRESOS,390,Recargos y multas,39002,Multas y sanciones,1315733.26
21,"AGRICULTURA, GANADERÍA Y DESARROLLO RURA",2102,SECRETARÍA GENERAL,3,"TASAS, PP.PP. Y OTROS ING",39,OTROS INGRESOS,399,Ingresos diversos,39900,Ingresos diversos,11543.31
21,"AGRICULTURA, GANADERÍA Y DESARROLLO RURA",2102,SECRETARÍA GENERAL,4,TRANSFERENCIAS CORRIENTES,43,"DE LA A.E., OO.AA., EE.PP",432,De diversos Ministerios,43200,De diversos Ministerios,4755645.9
21,"AGRICULTURA, GANADERÍA Y DESARROLLO RURA",2102,SECRETARÍA GENERAL,4,TRANSFERENCIAS CORRIENTES,43,"DE LA A.E., OO.AA., EE.PP",432,De diversos Ministerios,43290,Mecanismo Recuperación y Resiliencia. Ne,
21,"AGRICULTURA, GANADERÍA Y DESARROLLO RURA",2102,SECRETARÍA GENERAL,4,TRANSFERENCIAS CORRIENTES,49,DEL EXTERIOR,492,Fondo euro agrario.FEADER,49200,Fondo euro agrario.FEADER,53097290.33
21,"AGRICULTURA, GANADERÍA Y DESARROLLO RURA",2102,SECRETARÍA GENERAL,4,TRANSFERENCIAS CORRIENTES,49,DEL EXTERIOR,493,FEAGA,49308,Regulación sector vitivin,10171119.37
21,"AGRICULTURA, GANADERÍA Y DESARROLLO RURA",2102,SECRETARÍA GENERAL,4,TRANSFERENCIAS CORRIENTES,49,DEL EXTERIOR,493,FEAGA,49309,Otros ingresos FEAGA,122980345.22
21,"AGRICULTURA, GANADERÍA Y DESARROLLO RURA",2102,SECRETARÍA GENERAL,4,TRANSFERENCIAS CORRIENTES,49,DEL EXTERIOR,499,Otras transferencias,49900,Otras transferencias,
21,"AGRICULTURA, GANADERÍA Y DESARROLLO RURA",2102,SECRETARÍA GENERAL,5,INGRESOS PATRIMONIALES,55,"PRODUCTOS, CONCESIONES",550,Concesiones administrativ,55000,Concesiones administrativ,67409.64
21,"AGRICULTURA, GANADERÍA Y DESARROLLO RURA",2102,SECRETARÍA GENERAL,5,INGRESOS PATRIMONIALES,55,"PRODUCTOS, CONCESIONES",551,Aprovecham agrícola y for,55100,Aprovecham agrícola y for,3241.39
21,"AGRICULTURA, GANADERÍA Y DESARROLLO RURA",2102,SECRETARÍA GENERAL,6,ENAJENACIÓN INVERSIONES R,61,DE LAS DEMÁS INVERSIONES,612,Venta de maquinaria,61200,Venta de maquinaria,1669.33
21,"AGRICULTURA, GANADERÍA Y DESARROLLO RURA",2102,SECRETARÍA GENERAL,6,ENAJENACIÓN INVERSIONES R,61,DE LAS DEMÁS INVERSIONES,615,Venta elementos transport,61500,Venta elementos transport,24.58
21,"AGRICULTURA, GANADERÍA Y DESARROLLO RURA",2102,SECRETARÍA GENERAL,6,ENAJENACIÓN INVERSIONES R,61,DE LAS DEMÁS INVERSIONES,619,Venta otras invers reales,61900,Venta otras invers reales,4
21,"AGRICULTURA, GANADERÍA Y DESARROLLO RURA",2102,SECRETARÍA GENERAL,6,ENAJENACIÓN INVERSIONES R,68,REINTEGROS O. DE CAPITAL,680,De ejercicios cerrados,68000,De transferencias capital,434152.97
21,"AGRICULTURA, GANADERÍA Y DESARROLLO RURA",2102,SECRETARÍA GENERAL,6,ENAJENACIÓN INVERSIONES R,68,REINTEGROS O. DE CAPITAL,680,De ejercicios cerrados,68001,De inversiones reales,
21,"AGRICULTURA, GANADERÍA Y DESARROLLO RURA",2102,SECRETARÍA GENERAL,6,ENAJENACIÓN INVERSIONES R,68,REINTEGROS O. DE CAPITAL,681,De presupuesto corriente,68190,Reintegros MRR,53414.51
21,"AGRICULTURA, GANADERÍA Y DESARROLLO RURA",2102,SECRETARÍA GENERAL,7,TRANSFERENCIAS DE CAPITAL,73,"DE A.E., OO.AA., EE.PP.",732,De diversos Ministerios,73200,De diversos Ministerios,1009014.42
21,"AGRICULTURA, GANADERÍA Y DESARROLLO RURA",2102,SECRETARÍA GENERAL,7,TRANSFERENCIAS DE CAPITAL,73,"DE A.E., OO.AA., EE.PP.",732,De diversos Ministerios,73290,Mecanismo Recuperación y Resiliencia. Ne,
21,"AGRICULTURA, GANADERÍA Y DESARROLLO RURA",2102,SECRETARÍA GENERAL,7,TRANSFERENCIAS DE CAPITAL,79,DEL EXTERIOR,792,Fondo Europeo Agrario de Desarrollo Rura,79200,Fondo Europeo Agrario de Desarrollo Rura,9239875.79
21,"AGRICULTURA, GANADERÍA Y DESARROLLO RURA",2102,SECRETARÍA GENERAL,7,TRANSFERENCIAS DE CAPITAL,79,DEL EXTERIOR,793,FEAGA,79300,FEAGA,14489451.32
21,"AGRICULTURA, GANADERÍA Y DESARROLLO RURA",2102,SECRETARÍA GENERAL,7,TRANSFERENCIAS DE CAPITAL,79,DEL EXTERIOR,799,Otras transferencias,79901,FEMP,
21,"AGRICULTURA, GANADERÍA Y DESARROLLO RURA",2102,SECRETARÍA GENERAL,8,ACTIVOS FINANCIEROS,82,REINTEGRO DE PRÉSTAMOS,820,A corto plazo,82000,A personal funcionario,20444.8
21,"AGRICULTURA, GANADERÍA Y DESARROLLO RURA",2102,SECRETARÍA GENERAL,8,ACTIVOS FINANCIEROS,82,REINTEGRO DE PRÉSTAMOS,820,A corto plazo,82001,A personal laboral,4038.48
21,"AGRICULTURA, GANADERÍA Y DESARROLLO RURA",2102,SECRETARÍA GENERAL,8,ACTIVOS FINANCIEROS,82,REINTEGRO DE PRÉSTAMOS,821,A largo plazo,82100,A personal funcionario,16314.07
21,"AGRICULTURA, GANADERÍA Y DESARROLLO RURA",2102,SECRETARÍA GENERAL,8,ACTIVOS FINANCIEROS,82,REINTEGRO DE PRÉSTAMOS,821,A largo plazo,82101,A personal laboral,10694.44
21,"AGRICULTURA, GANADERÍA Y DESARROLLO RURA",2102,SECRETARÍA GENERAL,8,ACTIVOS FINANCIEROS,87,REMANENTE DE TESORERÍA,870,Remanente de tesorería,87000,Remanente de tesorería,
23,DESARROLLO SOSTENIBLE,2302,SECRETARÍA GENERAL,2,IMPUESTOS INDIRECTOS,24,IMPUESTOS MEDIOAMBIENTAL,241,I.actividad gener efectos adverso sobre,24100,Canon eólico,7231877.76
23,DESARROLLO SOSTENIBLE,2302,SECRETARÍA GENERAL,2,IMPUESTOS INDIRECTOS,24,IMPUESTOS MEDIOAMBIENTAL,241,I.actividad gener efectos adverso sobre,24102,Canon medioambiental del agua,187745.96
23,DESARROLLO SOSTENIBLE,2302,SECRETARÍA GENERAL,3,"TASAS, PP.PP. Y OTROS ING",30,VENTA DE BIENES,309,Venta de otros bienes,30900,Venta de otros bienes,942.45
23,DESARROLLO SOSTENIBLE,2302,SECRETARÍA GENERAL,3,"TASAS, PP.PP. Y OTROS ING",31,PRESTACIÓN DE SERVICIOS,318,Otros precios públicos,31800,Otros precios públicos,5117.96
23,DESARROLLO SOSTENIBLE,2302,SECRETARÍA GENERAL,3,"TASAS, PP.PP. Y OTROS ING",32,TASAS,322,Tasas direc e insp obras,32200,Dirección e inspec. obras,90507.69
23,DESARROLLO SOSTENIBLE,2302,SECRETARÍA GENERAL,3,"TASAS, PP.PP. Y OTROS ING",32,TASAS,323,Tasas materia agricultura,32301,Tasas materia medioambien,1363617.2
23,DESARROLLO SOSTENIBLE,2302,SECRETARÍA GENERAL,3,"TASAS, PP.PP. Y OTROS ING",32,TASAS,324,"Tasas industria, energía",32400,Tasas industria y energía,2819460.64
23,DESARROLLO SOSTENIBLE,2302,SECRETARÍA GENERAL,3,"TASAS, PP.PP. Y OTROS ING",32,TASAS,329,Otras tasas,32900,Otras tasas,42616.52
23,DESARROLLO SOSTENIBLE,2302,SECRETARÍA GENERAL,3,"TASAS, PP.PP. Y OTROS ING",38,REINTEGROS OPERACIONES C.,380,De ejercicios cerrados,38000,De ejercicios cerrados,21552.5
23,DESARROLLO SOSTENIBLE,2302,SECRETARÍA GENERAL,3,"TASAS, PP.PP. Y OTROS ING",38,REINTEGROS OPERACIONES C.,380,De ejercicios cerrados,38090,Reintegros MRR,131284.98
23,DESARROLLO SOSTENIBLE,2302,SECRETARÍA GENERAL,3,"TASAS, PP.PP. Y OTROS ING",38,REINTEGROS OPERACIONES C.,381,De presupuesto corriente,38100,De presupuesto corriente,171554.73
23,DESARROLLO SOSTENIBLE,2302,SECRETARÍA GENERAL,3,"TASAS, PP.PP. Y OTROS ING",39,OTROS INGRESOS,390,Recargos y multas,39000,Recargo de apremio,39440.84
23,DESARROLLO SOSTENIBLE,2302,SECRETARÍA GENERAL,3,"TASAS, PP.PP. Y OTROS ING",39,OTROS INGRESOS,390,Recargos y multas,39001,Intereses de demora,40248.44
23,DESARROLLO SOSTENIBLE,2302,SECRETARÍA GENERAL,3,"TASAS, PP.PP. Y OTROS ING",39,OTROS INGRESOS,390,Recargos y multas,39002,Multas y sanciones,2386884.84
23,DESARROLLO SOSTENIBLE,2302,SECRETARÍA GENERAL,3,"TASAS, PP.PP. Y OTROS ING",39,OTROS INGRESOS,390,Recargos y multas,39009,Otros,
23,DESARROLLO SOSTENIBLE,2302,SECRETARÍA GENERAL,3,"TASAS, PP.PP. Y OTROS ING",39,OTROS INGRESOS,399,Ingresos diversos,39900,Ingresos diversos,1042441.84
23,DESARROLLO SOSTENIBLE,2302,SECRETARÍA GENERAL,4,TRANSFERENCIAS CORRIENTES,43,"DE LA A.E., OO.AA., EE.PP",432,De diversos Ministerios,43200,De diversos Ministerios,112897.03
23,DESARROLLO SOSTENIBLE,2302,SECRETARÍA GENERAL,4,TRANSFERENCIAS CORRIENTES,43,"DE LA A.E., OO.AA., EE.PP",432,De diversos Ministerios,43290,Mecanismo Recuperación y Resiliencia. Ne,
23,DESARROLLO SOSTENIBLE,2302,SECRETARÍA GENERAL,4,TRANSFERENCIAS CORRIENTES,43,"DE LA A.E., OO.AA., EE.PP",436,De otros EE.PP. estatales,43600,De otros EE.PP. estatales,
23,DESARROLLO SOSTENIBLE,2302,SECRETARÍA GENERAL,4,TRANSFERENCIAS CORRIENTES,48,DE FAMILIAS E INSTIT. SFL,480,De familias e instit sfl,48000,De familias e instit sfl,9718.14
23,DESARROLLO SOSTENIBLE,2302,SECRETARÍA GENERAL,4,TRANSFERENCIAS CORRIENTES,49,DEL EXTERIOR,492,Fondo euro agrario.FEADER,49200,Fondo euro agrario.FEADER,1505294.05
23,DESARROLLO SOSTENIBLE,2302,SECRETARÍA GENERAL,4,TRANSFERENCIAS CORRIENTES,49,DEL EXTERIOR,499,Otras transferencias,49900,Otras transferencias,172744.58
23,DESARROLLO SOSTENIBLE,2302,SECRETARÍA GENERAL,5,INGRESOS PATRIMONIALES,55,"PRODUCTOS, CONCESIONES",550,Concesiones administrativ,55000,Concesiones administrativ,
23,DESARROLLO SOSTENIBLE,2302,SECRETARÍA GENERAL,5,INGRESOS PATRIMONIALES,55,"PRODUCTOS, CONCESIONES",551,Aprovecham agrícola y for,55100,Aprovecham agrícola y for,1864004.95
23,DESARROLLO SOSTENIBLE,2302,SECRETARÍA GENERAL,5,INGRESOS PATRIMONIALES,59,OTROS INGRESOS PATRIMON.,590,Otros ingresos patrimon,59000,Otros ingresos patrimon,306921.38
23,DESARROLLO SOSTENIBLE,2302,SECRETARÍA GENERAL,6,ENAJENACIÓN INVERSIONES R,68,REINTEGROS O. DE CAPITAL,680,De ejercicios cerrados,68090,Reintegros MRR,1000976.19
23,DESARROLLO SOSTENIBLE,2302,SECRETARÍA GENERAL,6,ENAJENACIÓN INVERSIONES R,68,REINTEGROS O. DE CAPITAL,681,De presupuesto corriente,68190,Reintegros MRR,318886.28
23,DESARROLLO SOSTENIBLE,2302,SECRETARÍA GENERAL,7,TRANSFERENCIAS DE CAPITAL,73,"DE A.E., OO.AA., EE.PP.",732,De diversos Ministerios,73200,De diversos Ministerios,1408799.19
23,DESARROLLO SOSTENIBLE,2302,SECRETARÍA GENERAL,7,TRANSFERENCIAS DE CAPITAL,73,"DE A.E., OO.AA., EE.PP.",732,De diversos Ministerios,73290,Mecanismo Recuperación y Resiliencia. Ne,
23,DESARROLLO SOSTENIBLE,2302,SECRETARÍA GENERAL,7,TRANSFERENCIAS DE CAPITAL,73,"DE A.E., OO.AA., EE.PP.",734,De OO.AA. estatales,73400,De OO.AA. estatales,
23,DESARROLLO SOSTENIBLE,2302,SECRETARÍA GENERAL,7,TRANSFERENCIAS DE CAPITAL,73,"DE A.E., OO.AA., EE.PP.",736,De otros EE.PP. estatales,73600,De otros EE.PP. estatales,16630279
23,DESARROLLO SOSTENIBLE,2302,SECRETARÍA GENERAL,7,TRANSFERENCIAS DE CAPITAL,76,DE CORPORACIONES LOCALES,760,De ayuntamientos,76000,De ayuntamientos,
23,DESARROLLO SOSTENIBLE,2302,SECRETARÍA GENERAL,7,TRANSFERENCIAS DE CAPITAL,76,DE CORPORACIONES LOCALES,760,De ayuntamientos,76001,Fondo de mejora de montes,1378524.27
23,DESARROLLO SOSTENIBLE,2302,SECRETARÍA GENERAL,7,TRANSFERENCIAS DE CAPITAL,76,DE CORPORACIONES LOCALES,761,De diputaciones,76100,De diputaciones,9537.21
23,DESARROLLO SOSTENIBLE,2302,SECRETARÍA GENERAL,7,TRANSFERENCIAS DE CAPITAL,79,DEL EXTERIOR,792,Fondo Europeo Agrario de Desarrollo Rura,79200,Fondo Europeo Agrario de Desarrollo Rura,18783988.92
23,DESARROLLO SOSTENIBLE,2302,SECRETARÍA GENERAL,8,ACTIVOS FINANCIEROS,82,REINTEGRO DE PRÉSTAMOS,820,A corto plazo,82000,A personal funcionario,11520.83
23,DESARROLLO SOSTENIBLE,2302,SECRETARÍA GENERAL,8,ACTIVOS FINANCIEROS,82,REINTEGRO DE PRÉSTAMOS,820,A corto plazo,82001,A personal laboral,2466.52
23,DESARROLLO SOSTENIBLE,2302,SECRETARÍA GENERAL,8,ACTIVOS FINANCIEROS,82,REINTEGRO DE PRÉSTAMOS,821,A largo plazo,82100,A personal funcionario,12085.9
23,DESARROLLO SOSTENIBLE,2302,SECRETARÍA GENERAL,8,ACTIVOS FINANCIEROS,82,REINTEGRO DE PRÉSTAMOS,821,A largo plazo,82101,A personal laboral,7457.99
23,DESARROLLO SOSTENIBLE,2302,SECRETARÍA GENERAL,8,ACTIVOS FINANCIEROS,87,REMANENTE DE TESORERÍA,870,Remanente de tesorería,87000,Remanente de tesorería,
26,SANIDAD,2602,SECRETARÍA GENERAL,3,"TASAS, PP.PP. Y OTROS ING",31,PRESTACIÓN DE SERVICIOS,318,Otros precios públicos,31800,Otros precios públicos,3802.12
26,SANIDAD,2602,SECRETARÍA GENERAL,3,"TASAS, PP.PP. Y OTROS ING",32,TASAS,322,Tasas direc e insp obras,32200,Dirección e inspec. obras,168.44
26,SANIDAD,2602,SECRETARÍA GENERAL,3,"TASAS, PP.PP. Y OTROS ING",32,TASAS,326,Tasas en materia sanidad,32600,Tasas en materia sanidad,1318886.34
26,SANIDAD,2602,SECRETARÍA GENERAL,3,"TASAS, PP.PP. Y OTROS ING",32,TASAS,329,Otras tasas,32900,Otras tasas,939.18
26,SANIDAD,2602,SECRETARÍA GENERAL,3,"TASAS, PP.PP. Y OTROS ING",38,REINTEGROS OPERACIONES C.,380,De ejercicios cerrados,38000,De ejercicios cerrados,22107.45
26,SANIDAD,2602,SECRETARÍA GENERAL,3,"TASAS, PP.PP. Y OTROS ING",38,REINTEGROS OPERACIONES C.,381,De presupuesto corriente,38100,De presupuesto corriente,35572.85
26,SANIDAD,2602,SECRETARÍA GENERAL,3,"TASAS, PP.PP. Y OTROS ING",39,OTROS INGRESOS,390,Recargos y multas,39000,Recargo de apremio,38773.57
26,SANIDAD,2602,SECRETARÍA GENERAL,3,"TASAS, PP.PP. Y OTROS ING",39,OTROS INGRESOS,390,Recargos y multas,39001,Intereses de demora,5939.57
26,SANIDAD,2602,SECRETARÍA GENERAL,3,"TASAS, PP.PP. Y OTROS ING",39,OTROS INGRESOS,390,Recargos y multas,39002,Multas y sanciones,770040.5
26,SANIDAD,2602,SECRETARÍA GENERAL,3,"TASAS, PP.PP. Y OTROS ING",39,OTROS INGRESOS,390,Recargos y multas,39004,Multas y sanciones materia de consumo. L,212006.5
26,SANIDAD,2602,SECRETARÍA GENERAL,3,"TASAS, PP.PP. Y OTROS ING",39,OTROS INGRESOS,399,Ingresos diversos,39900,Ingresos diversos,17888.94
26,SANIDAD,2602,SECRETARÍA GENERAL,3,"TASAS, PP.PP. Y OTROS ING",39,OTROS INGRESOS,399,Ingresos diversos,39902,Medicamentos extranjeros,1906.4
26,SANIDAD,2602,SECRETARÍA GENERAL,4,TRANSFERENCIAS CORRIENTES,43,"DE LA A.E., OO.AA., EE.PP",432,De diversos Ministerios,43200,De diversos Ministerios,222225.92
26,SANIDAD,2602,SECRETARÍA GENERAL,4,TRANSFERENCIAS CORRIENTES,43,"DE LA A.E., OO.AA., EE.PP",432,De diversos Ministerios,43240,Plan nacional de drogas,
26,SANIDAD,2602,SECRETARÍA GENERAL,4,TRANSFERENCIAS CORRIENTES,43,"DE LA A.E., OO.AA., EE.PP",436,De otros EE.PP. estatales,43600,De otros EE.PP. estatales,
26,SANIDAD,2602,SECRETARÍA GENERAL,6,ENAJENACIÓN INVERSIONES R,68,REINTEGROS O. DE CAPITAL,680,De ejercicios cerrados,68000,De transferencias capital,
26,SANIDAD,2602,SECRETARÍA GENERAL,7,TRANSFERENCIAS DE CAPITAL,73,"DE A.E., OO.AA., EE.PP.",732,De diversos Ministerios,73290,Mecanismo Recuperación y Resiliencia. Ne,
26,SANIDAD,2602,SECRETARÍA GENERAL,8,ACTIVOS FINANCIEROS,82,REINTEGRO DE PRÉSTAMOS,820,A corto plazo,82000,A personal funcionario,23976.19
26,SANIDAD,2602,SECRETARÍA GENERAL,8,ACTIVOS FINANCIEROS,82,REINTEGRO DE PRÉSTAMOS,820,A corto plazo,82001,A personal laboral,5767.26
26,SANIDAD,2602,SECRETARÍA GENERAL,8,ACTIVOS FINANCIEROS,82,REINTEGRO DE PRÉSTAMOS,821,A largo plazo,82100,A personal funcionario,20578.67
26,SANIDAD,2602,SECRETARÍA GENERAL,8,ACTIVOS FINANCIEROS,82,REINTEGRO DE PRÉSTAMOS,821,A largo plazo,82101,A personal laboral,12216.6
26,SANIDAD,2602,SECRETARÍA GENERAL,8,ACTIVOS FINANCIEROS,87,REMANENTE DE TESORERÍA,870,Remanente de tesorería,87000,Remanente de tesorería,
27,BIENESTAR SOCIAL,2702,SECRETARÍA GENERAL,3,"TASAS, PP.PP. Y OTROS ING",30,VENTA DE BIENES,309,Venta de otros bienes,30900,Venta de otros bienes,7479.41
27,BIENESTAR SOCIAL,2702,SECRETARÍA GENERAL,3,"TASAS, PP.PP. Y OTROS ING",31,PRESTACIÓN DE SERVICIOS,312,"Derechos alojam, rest y r",31200,Derechos de alojamiento,42983968.34
27,BIENESTAR SOCIAL,2702,SECRETARÍA GENERAL,3,"TASAS, PP.PP. Y OTROS ING",31,PRESTACIÓN DE SERVICIOS,318,Otros precios públicos,31800,Otros precios públicos,117403.97
27,BIENESTAR SOCIAL,2702,SECRETARÍA GENERAL,3,"TASAS, PP.PP. Y OTROS ING",32,TASAS,322,Tasas direc e insp obras,32200,Dirección e inspec. obras,416227.42
27,BIENESTAR SOCIAL,2702,SECRETARÍA GENERAL,3,"TASAS, PP.PP. Y OTROS ING",32,TASAS,329,Otras tasas,32900,Otras tasas,694.15
27,BIENESTAR SOCIAL,2702,SECRETARÍA GENERAL,3,"TASAS, PP.PP. Y OTROS ING",38,REINTEGROS OPERACIONES C.,380,De ejercicios cerrados,38000,De ejercicios cerrados,6225389.74
27,BIENESTAR SOCIAL,2702,SECRETARÍA GENERAL,3,"TASAS, PP.PP. Y OTROS ING",38,REINTEGROS OPERACIONES C.,381,De presupuesto corriente,38100,De presupuesto corriente,160479.78
27,BIENESTAR SOCIAL,2702,SECRETARÍA GENERAL,3,"TASAS, PP.PP. Y OTROS ING",39,OTROS INGRESOS,390,Recargos y multas,39000,Recargo de apremio,21391.57
27,BIENESTAR SOCIAL,2702,SECRETARÍA GENERAL,3,"TASAS, PP.PP. Y OTROS ING",39,OTROS INGRESOS,390,Recargos y multas,39001,Intereses de demora,23329.32
27,BIENESTAR SOCIAL,2702,SECRETARÍA GENERAL,3,"TASAS, PP.PP. Y OTROS ING",39,OTROS INGRESOS,390,Recargos y multas,39002,Multas y sanciones,93796.51
27,BIENESTAR SOCIAL,2702,SECRETARÍA GENERAL,3,"TASAS, PP.PP. Y OTROS ING",39,OTROS INGRESOS,399,Ingresos diversos,39900,Ingresos diversos,34810.79
27,BIENESTAR SOCIAL,2702,SECRETARÍA GENERAL,3,"TASAS, PP.PP. Y OTROS ING",39,OTROS INGRESOS,399,Ingresos diversos,39901,Ingresos por descuentos en facturación,
27,BIENESTAR SOCIAL,2702,SECRETARÍA GENERAL,4,TRANSFERENCIAS CORRIENTES,43,"DE LA A.E., OO.AA., EE.PP",432,De diversos Ministerios,43200,De diversos Ministerios,
27,BIENESTAR SOCIAL,2702,SECRETARÍA GENERAL,4,TRANSFERENCIAS CORRIENTES,43,"DE LA A.E., OO.AA., EE.PP",432,De diversos Ministerios,43290,Mecanismo Recuperación y Resiliencia. Ne,
27,BIENESTAR SOCIAL,2702,SECRETARÍA GENERAL,4,TRANSFERENCIAS CORRIENTES,43,"DE LA A.E., OO.AA., EE.PP",434,De OO.AA. estatales,43400,De OO.AA. estatales,67642113.08
27,BIENESTAR SOCIAL,2702,SECRETARÍA GENERAL,6,ENAJENACIÓN INVERSIONES R,68,REINTEGROS O. DE CAPITAL,680,De ejercicios cerrados,68000,De transferencias capital,5155.18
27,BIENESTAR SOCIAL,2702,SECRETARÍA GENERAL,6,ENAJENACIÓN INVERSIONES R,68,REINTEGROS O. DE CAPITAL,680,De ejercicios cerrados,68090,Reintegros MRR,1164435.12
27,BIENESTAR SOCIAL,2702,SECRETARÍA GENERAL,6,ENAJENACIÓN INVERSIONES R,68,REINTEGROS O. DE CAPITAL,681,De presupuesto corriente,68100,De transferencias capital,
27,BIENESTAR SOCIAL,2702,SECRETARÍA GENERAL,7,TRANSFERENCIAS DE CAPITAL,73,"DE A.E., OO.AA., EE.PP.",730,Fondo de Compensación Interterritorial,73000,Fondo de Compensación Interterritorial,614055
27,BIENESTAR SOCIAL,2702,SECRETARÍA GENERAL,7,TRANSFERENCIAS DE CAPITAL,73,"DE A.E., OO.AA., EE.PP.",730,Fondo de Compensación Interterritorial,73001,Fondo Complementario (FCI),31250
27,BIENESTAR SOCIAL,2702,SECRETARÍA GENERAL,7,TRANSFERENCIAS DE CAPITAL,73,"DE A.E., OO.AA., EE.PP.",732,De diversos Ministerios,73290,Mecanismo Recuperación y Resiliencia. Ne,
27,BIENESTAR SOCIAL,2702,SECRETARÍA GENERAL,8,ACTIVOS FINANCIEROS,82,REINTEGRO DE PRÉSTAMOS,820,A corto plazo,82000,A personal funcionario,40533.23
27,BIENESTAR SOCIAL,2702,SECRETARÍA GENERAL,8,ACTIVOS FINANCIEROS,82,REINTEGRO DE PRÉSTAMOS,820,A corto plazo,82001,A personal laboral,34705.89
27,BIENESTAR SOCIAL,2702,SECRETARÍA GENERAL,8,ACTIVOS FINANCIEROS,82,REINTEGRO DE PRÉSTAMOS,821,A largo plazo,82100,A personal funcionario,26278.55
27,BIENESTAR SOCIAL,2702,SECRETARÍA GENERAL,8,ACTIVOS FINANCIEROS,82,REINTEGRO DE PRÉSTAMOS,821,A largo plazo,82101,A personal laboral,107081.08
27,BIENESTAR SOCIAL,2702,SECRETARÍA GENERAL,8,ACTIVOS FINANCIEROS,87,REMANENTE DE TESORERÍA,870,Remanente de tesorería,87000,Remanente de tesorería,
51,I. REG. INV. Y DES. AGROALIMEN. Y FOREST,5101,I. REG. INV. Y DES. AGROALIMEN. Y FOREST,3,"TASAS, PP.PP. Y OTROS ING",30,VENTA DE BIENES,301,Venta  prod agropecuarios,30100,Venta prod agropecuarios,21918
51,I. REG. INV. Y DES. AGROALIMEN. Y FOREST,5101,I. REG. INV. Y DES. AGROALIMEN. Y FOREST,3,"TASAS, PP.PP. Y OTROS ING",31,PRESTACIÓN DE SERVICIOS,318,Otros precios públicos,31800,Otros precios públicos,97936.83
51,I. REG. INV. Y DES. AGROALIMEN. Y FOREST,5101,I. REG. INV. Y DES. AGROALIMEN. Y FOREST,3,"TASAS, PP.PP. Y OTROS ING",31,PRESTACIÓN DE SERVICIOS,319,Otros ingresos prest serv,31900,Otros ingresos prest serv,
51,I. REG. INV. Y DES. AGROALIMEN. Y FOREST,5101,I. REG. INV. Y DES. AGROALIMEN. Y FOREST,3,"TASAS, PP.PP. Y OTROS ING",32,TASAS,322,Tasas direc e insp obras,32200,Dirección e inspec. obras,648.35
51,I. REG. INV. Y DES. AGROALIMEN. Y FOREST,5101,I. REG. INV. Y DES. AGROALIMEN. Y FOREST,3,"TASAS, PP.PP. Y OTROS ING",32,TASAS,329,Otras tasas,32900,Otras tasas,610.87
51,I. REG. INV. Y DES. AGROALIMEN. Y FOREST,5101,I. REG. INV. Y DES. AGROALIMEN. Y FOREST,3,"TASAS, PP.PP. Y OTROS ING",38,REINTEGROS OPERACIONES C.,380,De ejercicios cerrados,38000,De ejercicios cerrados,91.92
51,I. REG. INV. Y DES. AGROALIMEN. Y FOREST,5101,I. REG. INV. Y DES. AGROALIMEN. Y FOREST,3,"TASAS, PP.PP. Y OTROS ING",38,REINTEGROS OPERACIONES C.,381,De presupuesto corriente,38100,De presupuesto corriente,
51,I. REG. INV. Y DES. AGROALIMEN. Y FOREST,5101,I. REG. INV. Y DES. AGROALIMEN. Y FOREST,3,"TASAS, PP.PP. Y OTROS ING",39,OTROS INGRESOS,390,Recargos y multas,39000,Recargo de apremio,1475
51,I. REG. INV. Y DES. AGROALIMEN. Y FOREST,5101,I. REG. INV. Y DES. AGROALIMEN. Y FOREST,3,"TASAS, PP.PP. Y OTROS ING",39,OTROS INGRESOS,390,Recargos y multas,39001,Intereses de demora,7.82
51,I. REG. INV. Y DES. AGROALIMEN. Y FOREST,5101,I. REG. INV. Y DES. AGROALIMEN. Y FOREST,3,"TASAS, PP.PP. Y OTROS ING",39,OTROS INGRESOS,390,Recargos y multas,39009,Otros,2817.48
51,I. REG. INV. Y DES. AGROALIMEN. Y FOREST,5101,I. REG. INV. Y DES. AGROALIMEN. Y FOREST,3,"TASAS, PP.PP. Y OTROS ING",39,OTROS INGRESOS,399,Ingresos diversos,39900,Ingresos diversos,
51,I. REG. INV. Y DES. AGROALIMEN. Y FOREST,5101,I. REG. INV. Y DES. AGROALIMEN. Y FOREST,3,"TASAS, PP.PP. Y OTROS ING",39,OTROS INGRESOS,399,Ingresos diversos,39901,Ingresos por descuentos en facturación,213.44
51,I. REG. INV. Y DES. AGROALIMEN. Y FOREST,5101,I. REG. INV. Y DES. AGROALIMEN. Y FOREST,4,TRANSFERENCIAS CORRIENTES,40,DE LA JCCM,400,De la JCCM,40009,Otras transf de la Junta,
51,I. REG. INV. Y DES. AGROALIMEN. Y FOREST,5101,I. REG. INV. Y DES. AGROALIMEN. Y FOREST,4,TRANSFERENCIAS CORRIENTES,41,DE OO.AA. DE LA JUNTA,410,De OO.AA. de la Junta,41000,De OO.AA. de la Junta,26847.34
51,I. REG. INV. Y DES. AGROALIMEN. Y FOREST,5101,I. REG. INV. Y DES. AGROALIMEN. Y FOREST,4,TRANSFERENCIAS CORRIENTES,43,"DE LA A.E., OO.AA., EE.PP",434,De OO.AA. estatales,43400,De OO.AA. estatales,
51,I. REG. INV. Y DES. AGROALIMEN. Y FOREST,5101,I. REG. INV. Y DES. AGROALIMEN. Y FOREST,4,TRANSFERENCIAS CORRIENTES,43,"DE LA A.E., OO.AA., EE.PP",436,De otros EE.PP. estatales,43600,De otros EE.PP. estatales,105646.62
51,I. REG. INV. Y DES. AGROALIMEN. Y FOREST,5101,I. REG. INV. Y DES. AGROALIMEN. Y FOREST,4,TRANSFERENCIAS CORRIENTES,43,"DE LA A.E., OO.AA., EE.PP",436,De otros EE.PP. estatales,43690,Mecanismo Recuperación y Resiliencia. Ne,
51,I. REG. INV. Y DES. AGROALIMEN. Y FOREST,5101,I. REG. INV. Y DES. AGROALIMEN. Y FOREST,4,TRANSFERENCIAS CORRIENTES,47,DE EMPRESAS PRIVADAS,470,De empresas privadas,47000,De empresas privadas,12295
51,I. REG. INV. Y DES. AGROALIMEN. Y FOREST,5101,I. REG. INV. Y DES. AGROALIMEN. Y FOREST,4,TRANSFERENCIAS CORRIENTES,48,DE FAMILIAS E INSTIT. SFL,480,De familias e instit sfl,48000,De familias e instit sfl,
51,I. REG. INV. Y DES. AGROALIMEN. Y FOREST,5101,I. REG. INV. Y DES. AGROALIMEN. Y FOREST,5,INGRESOS PATRIMONIALES,55,"PRODUCTOS, CONCESIONES",550,Concesiones administrativ,55000,Concesiones administrativ,6000
51,I. REG. INV. Y DES. AGROALIMEN. Y FOREST,5101,I. REG. INV. Y DES. AGROALIMEN. Y FOREST,7,TRANSFERENCIAS DE CAPITAL,70,DE LA JCCM,700,De la JCCM,70009,Otras transferencias JCCM,79005
51,I. REG. INV. Y DES. AGROALIMEN. Y FOREST,5101,I. REG. INV. Y DES. AGROALIMEN. Y FOREST,7,TRANSFERENCIAS DE CAPITAL,73,"DE A.E., OO.AA., EE.PP.",732,De diversos Ministerios,73200,De diversos Ministerios,
51,I. REG. INV. Y DES. AGROALIMEN. Y FOREST,5101,I. REG. INV. Y DES. AGROALIMEN. Y FOREST,7,TRANSFERENCIAS DE CAPITAL,73,"DE A.E., OO.AA., EE.PP.",734,De OO.AA. estatales,73400,De OO.AA. estatales,
51,I. REG. INV. Y DES. AGROALIMEN. Y FOREST,5101,I. REG. INV. Y DES. AGROALIMEN. Y FOREST,8,ACTIVOS FINANCIEROS,82,REINTEGRO DE PRÉSTAMOS,820,A corto plazo,82000,A personal funcionario,857.16
51,I. REG. INV. Y DES. AGROALIMEN. Y FOREST,5101,I. REG. INV. Y DES. AGROALIMEN. Y FOREST,8,ACTIVOS FINANCIEROS,82,REINTEGRO DE PRÉSTAMOS,820,A corto plazo,82001,A personal laboral,828.58
51,I. REG. INV. Y DES. AGROALIMEN. Y FOREST,5101,I. REG. INV. Y DES. AGROALIMEN. Y FOREST,8,ACTIVOS FINANCIEROS,82,REINTEGRO DE PRÉSTAMOS,821,A largo plazo,82100,A personal funcionario,1071.45
51,I. REG. INV. Y DES. AGROALIMEN. Y FOREST,5101,I. REG. INV. Y DES. AGROALIMEN. Y FOREST,8,ACTIVOS FINANCIEROS,82,REINTEGRO DE PRÉSTAMOS,821,A largo plazo,82101,A personal laboral,497.62
51,I. REG. INV. Y DES. AGROALIMEN. Y FOREST,5101,I. REG. INV. Y DES. AGROALIMEN. Y FOREST,8,ACTIVOS FINANCIEROS,87,REMANENTE DE TESORERÍA,870,Remanente de tesorería,87000,Remanente de tesorería,
55,INSTITUTO DE PROMOCIÓN EXTERIOR DE C-LM,5501,INSTITUTO DE PROMOCIÓN EXTERIOR DE C-LM,3,"TASAS, PP.PP. Y OTROS ING",32,TASAS,329,Otras tasas,32900,Otras tasas,11.16
55,INSTITUTO DE PROMOCIÓN EXTERIOR DE C-LM,5501,INSTITUTO DE PROMOCIÓN EXTERIOR DE C-LM,3,"TASAS, PP.PP. Y OTROS ING",38,REINTEGROS OPERACIONES C.,380,De ejercicios cerrados,38000,De ejercicios cerrados,10164
55,INSTITUTO DE PROMOCIÓN EXTERIOR DE C-LM,5501,INSTITUTO DE PROMOCIÓN EXTERIOR DE C-LM,3,"TASAS, PP.PP. Y OTROS ING",38,REINTEGROS OPERACIONES C.,381,De presupuesto corriente,38100,De presupuesto corriente,473.39
56,AGENCIA DEL AGUA DE CASTILLA-LA MANCHA,5601,AGENCIA DEL AGUA DE CASTILLA-LA MANCHA,2,IMPUESTOS INDIRECTOS,24,IMPUESTOS MEDIOAMBIENTAL,241,I.actividad gener efectos adverso sobre,24102,Canon medioambiental del agua,20053570.32
56,AGENCIA DEL AGUA DE CASTILLA-LA MANCHA,5601,AGENCIA DEL AGUA DE CASTILLA-LA MANCHA,3,"TASAS, PP.PP. Y OTROS ING",32,TASAS,322,Tasas direc e insp obras,32200,Dirección e inspec. obras,21862.75
56,AGENCIA DEL AGUA DE CASTILLA-LA MANCHA,5601,AGENCIA DEL AGUA DE CASTILLA-LA MANCHA,3,"TASAS, PP.PP. Y OTROS ING",32,TASAS,329,Otras tasas,32900,Otras tasas,12.1
56,AGENCIA DEL AGUA DE CASTILLA-LA MANCHA,5601,AGENCIA DEL AGUA DE CASTILLA-LA MANCHA,3,"TASAS, PP.PP. Y OTROS ING",38,REINTEGROS OPERACIONES C.,380,De ejercicios cerrados,38000,De ejercicios cerrados,72.46
56,AGENCIA DEL AGUA DE CASTILLA-LA MANCHA,5601,AGENCIA DEL AGUA DE CASTILLA-LA MANCHA,3,"TASAS, PP.PP. Y OTROS ING",39,OTROS INGRESOS,390,Recargos y multas,39001,Intereses de demora,5.17
56,AGENCIA DEL AGUA DE CASTILLA-LA MANCHA,5601,AGENCIA DEL AGUA DE CASTILLA-LA MANCHA,4,TRANSFERENCIAS CORRIENTES,43,"DE LA A.E., OO.AA., EE.PP",432,De diversos Ministerios,43290,Mecanismo Recuperación y Resiliencia. Ne,
56,AGENCIA DEL AGUA DE CASTILLA-LA MANCHA,5601,AGENCIA DEL AGUA DE CASTILLA-LA MANCHA,7,TRANSFERENCIAS DE CAPITAL,73,"DE A.E., OO.AA., EE.PP.",732,De diversos Ministerios,73290,Mecanismo Recuperación y Resiliencia. Ne,
56,AGENCIA DEL AGUA DE CASTILLA-LA MANCHA,5601,AGENCIA DEL AGUA DE CASTILLA-LA MANCHA,7,TRANSFERENCIAS DE CAPITAL,73,"DE A.E., OO.AA., EE.PP.",733,Otras transferencias,73301,Tarifa trasvase,4095763.38
56,AGENCIA DEL AGUA DE CASTILLA-LA MANCHA,5601,AGENCIA DEL AGUA DE CASTILLA-LA MANCHA,7,TRANSFERENCIAS DE CAPITAL,76,DE CORPORACIONES LOCALES,760,De ayuntamientos,76000,De ayuntamientos,567356.05
56,AGENCIA DEL AGUA DE CASTILLA-LA MANCHA,5601,AGENCIA DEL AGUA DE CASTILLA-LA MANCHA,7,TRANSFERENCIAS DE CAPITAL,76,DE CORPORACIONES LOCALES,761,De diputaciones,76100,De diputaciones,290452.58
56,AGENCIA DEL AGUA DE CASTILLA-LA MANCHA,5601,AGENCIA DEL AGUA DE CASTILLA-LA MANCHA,8,ACTIVOS FINANCIEROS,82,REINTEGRO DE PRÉSTAMOS,820,A corto plazo,82000,A personal funcionario,500.01
56,AGENCIA DEL AGUA DE CASTILLA-LA MANCHA,5601,AGENCIA DEL AGUA DE CASTILLA-LA MANCHA,8,ACTIVOS FINANCIEROS,82,REINTEGRO DE PRÉSTAMOS,821,A largo plazo,82100,A personal funcionario,
56,AGENCIA DEL AGUA DE CASTILLA-LA MANCHA,5601,AGENCIA DEL AGUA DE CASTILLA-LA MANCHA,8,ACTIVOS FINANCIEROS,87,REMANENTE DE TESORERÍA,870,Remanente de tesorería,87000,Remanente de tesorería,
70,INSTITUTO DE LA MUJER DE C-LM,7001,INSTITUTO DE LA MUJER DE C-LM,3,"TASAS, PP.PP. Y OTROS ING",31,PRESTACIÓN DE SERVICIOS,318,Otros precios públicos,31800,Otros precios públicos,769.61
70,INSTITUTO DE LA MUJER DE C-LM,7001,INSTITUTO DE LA MUJER DE C-LM,3,"TASAS, PP.PP. Y OTROS ING",32,TASAS,329,Otras tasas,32900,Otras tasas,11.49
70,INSTITUTO DE LA MUJER DE C-LM,7001,INSTITUTO DE LA MUJER DE C-LM,3,"TASAS, PP.PP. Y OTROS ING",38,REINTEGROS OPERACIONES C.,380,De ejercicios cerrados,38000,De ejercicios cerrados,1678876.02
70,INSTITUTO DE LA MUJER DE C-LM,7001,INSTITUTO DE LA MUJER DE C-LM,3,"TASAS, PP.PP. Y OTROS ING",38,REINTEGROS OPERACIONES C.,380,De ejercicios cerrados,38090,Reintegros MRR,130.05
70,INSTITUTO DE LA MUJER DE C-LM,7001,INSTITUTO DE LA MUJER DE C-LM,3,"TASAS, PP.PP. Y OTROS ING",38,REINTEGROS OPERACIONES C.,381,De presupuesto corriente,38100,De presupuesto corriente,45806.69
70,INSTITUTO DE LA MUJER DE C-LM,7001,INSTITUTO DE LA MUJER DE C-LM,3,"TASAS, PP.PP. Y OTROS ING",39,OTROS INGRESOS,390,Recargos y multas,39001,Intereses de demora,105898.21
70,INSTITUTO DE LA MUJER DE C-LM,7001,INSTITUTO DE LA MUJER DE C-LM,3,"TASAS, PP.PP. Y OTROS ING",39,OTROS INGRESOS,390,Recargos y multas,39002,Multas y sanciones,1207.76
70,INSTITUTO DE LA MUJER DE C-LM,7001,INSTITUTO DE LA MUJER DE C-LM,3,"TASAS, PP.PP. Y OTROS ING",39,OTROS INGRESOS,399,Ingresos diversos,39900,Ingresos diversos,38790.49
70,INSTITUTO DE LA MUJER DE C-LM,7001,INSTITUTO DE LA MUJER DE C-LM,4,TRANSFERENCIAS CORRIENTES,40,DE LA JCCM,400,De la JCCM,40009,Otras transf de la Junta,8787.5
70,INSTITUTO DE LA MUJER DE C-LM,7001,INSTITUTO DE LA MUJER DE C-LM,4,TRANSFERENCIAS CORRIENTES,43,"DE LA A.E., OO.AA., EE.PP",432,De diversos Ministerios,43200,De diversos Ministerios,
70,INSTITUTO DE LA MUJER DE C-LM,7001,INSTITUTO DE LA MUJER DE C-LM,4,TRANSFERENCIAS CORRIENTES,46,DE CORPORACIONES LOCALES,460,De ayuntamientos,46000,De ayuntamientos,
70,INSTITUTO DE LA MUJER DE C-LM,7001,INSTITUTO DE LA MUJER DE C-LM,4,TRANSFERENCIAS CORRIENTES,46,DE CORPORACIONES LOCALES,461,De diputaciones,46100,De diputaciones,1910951.31
70,INSTITUTO DE LA MUJER DE C-LM,7001,INSTITUTO DE LA MUJER DE C-LM,6,ENAJENACIÓN INVERSIONES R,68,REINTEGROS O. DE CAPITAL,680,De ejercicios cerrados,68000,De transferencias capital,1800
70,INSTITUTO DE LA MUJER DE C-LM,7001,INSTITUTO DE LA MUJER DE C-LM,7,TRANSFERENCIAS DE CAPITAL,73,"DE A.E., OO.AA., EE.PP.",732,De diversos Ministerios,73200,De diversos Ministerios,
70,INSTITUTO DE LA MUJER DE C-LM,7001,INSTITUTO DE LA MUJER DE C-LM,8,ACTIVOS FINANCIEROS,82,REINTEGRO DE PRÉSTAMOS,820,A corto plazo,82000,A personal funcionario,557.16
70,INSTITUTO DE LA MUJER DE C-LM,7001,INSTITUTO DE LA MUJER DE C-LM,8,ACTIVOS FINANCIEROS,82,REINTEGRO DE PRÉSTAMOS,821,A largo plazo,82100,A personal funcionario,178.58
70,INSTITUTO DE LA MUJER DE C-LM,7001,INSTITUTO DE LA MUJER DE C-LM,8,ACTIVOS FINANCIEROS,87,REMANENTE DE TESORERÍA,870,Remanente de tesorería,87000,Remanente de tesorería,
76,AGENCIA DE INVESTIGACIÓN E INNOVACIÓN DE,7601,AGENCIA DE INVESTIGACIÓN E INNOVACIÓN DE,3,"TASAS, PP.PP. Y OTROS ING",32,TASAS,329,Otras tasas,32900,Otras tasas,15
76,AGENCIA DE INVESTIGACIÓN E INNOVACIÓN DE,7601,AGENCIA DE INVESTIGACIÓN E INNOVACIÓN DE,3,"TASAS, PP.PP. Y OTROS ING",38,REINTEGROS OPERACIONES C.,380,De ejercicios cerrados,38000,De ejercicios cerrados,15520.3
76,AGENCIA DE INVESTIGACIÓN E INNOVACIÓN DE,7601,AGENCIA DE INVESTIGACIÓN E INNOVACIÓN DE,3,"TASAS, PP.PP. Y OTROS ING",38,REINTEGROS OPERACIONES C.,381,De presupuesto corriente,38100,De presupuesto corriente,4152.24
76,AGENCIA DE INVESTIGACIÓN E INNOVACIÓN DE,7601,AGENCIA DE INVESTIGACIÓN E INNOVACIÓN DE,3,"TASAS, PP.PP. Y OTROS ING",39,OTROS INGRESOS,390,Recargos y multas,39001,Intereses de demora,1386.75
76,AGENCIA DE INVESTIGACIÓN E INNOVACIÓN DE,7601,AGENCIA DE INVESTIGACIÓN E INNOVACIÓN DE,3,"TASAS, PP.PP. Y OTROS ING",39,OTROS INGRESOS,399,Ingresos diversos,39900,Ingresos diversos,4047.75
76,AGENCIA DE INVESTIGACIÓN E INNOVACIÓN DE,7601,AGENCIA DE INVESTIGACIÓN E INNOVACIÓN DE,6,ENAJENACIÓN INVERSIONES R,68,REINTEGROS O. DE CAPITAL,681,De presupuesto corriente,68100,De transferencias capital,130.5
76,AGENCIA DE INVESTIGACIÓN E INNOVACIÓN DE,7601,AGENCIA DE INVESTIGACIÓN E INNOVACIÓN DE,8,ACTIVOS FINANCIEROS,82,REINTEGRO DE PRÉSTAMOS,820,A corto plazo,82000,A personal funcionario,900
76,AGENCIA DE INVESTIGACIÓN E INNOVACIÓN DE,7601,AGENCIA DE INVESTIGACIÓN E INNOVACIÓN DE,8,ACTIVOS FINANCIEROS,82,REINTEGRO DE PRÉSTAMOS,820,A corto plazo,82001,A personal laboral,250.02
77,AGENCIA DE TRANSFORMACIÓN DIGITAL DE C-L,7701,DIRECCIÓN GERENCIA,3,"TASAS, PP.PP. Y OTROS ING",38,REINTEGROS OPERACIONES C.,381,De presupuesto corriente,38100,De presupuesto corriente,1968.51
77,AGENCIA DE TRANSFORMACIÓN DIGITAL DE C-L,7701,DIRECCIÓN GERENCIA,4,TRANSFERENCIAS CORRIENTES,40,DE LA JCCM,400,De la JCCM,40009,Otras transf de la Junta,1165242.5
77,AGENCIA DE TRANSFORMACIÓN DIGITAL DE C-L,7701,DIRECCIÓN GERENCIA,4,TRANSFERENCIAS CORRIENTES,41,DE OO.AA. DE LA JUNTA,410,De OO.AA. de la Junta,41009,Otras transferencias de OOAA de la Junta,
77,AGENCIA DE TRANSFORMACIÓN DIGITAL DE C-L,7701,DIRECCIÓN GERENCIA,4,TRANSFERENCIAS CORRIENTES,43,"DE LA A.E., OO.AA., EE.PP",432,De diversos Ministerios,43200,De diversos Ministerios,48857.79
77,AGENCIA DE TRANSFORMACIÓN DIGITAL DE C-L,7701,DIRECCIÓN GERENCIA,4,TRANSFERENCIAS CORRIENTES,43,"DE LA A.E., OO.AA., EE.PP",432,De diversos Ministerios,43290,Mecanismo Recuperación y Resiliencia. Ne,
77,AGENCIA DE TRANSFORMACIÓN DIGITAL DE C-L,7701,DIRECCIÓN GERENCIA,4,TRANSFERENCIAS CORRIENTES,43,"DE LA A.E., OO.AA., EE.PP",435,De empr públic estatales,43590,Mecanismo Recuperación y Resiliencia. Ne,186252.56
77,AGENCIA DE TRANSFORMACIÓN DIGITAL DE C-L,7701,DIRECCIÓN GERENCIA,7,TRANSFERENCIAS DE CAPITAL,71,DE OO.AA. DE LA JUNTA,710,De OO.AA. de la Junta,71009,Otras transferencias de OOAA de la Junta,
77,AGENCIA DE TRANSFORMACIÓN DIGITAL DE C-L,7701,DIRECCIÓN GERENCIA,7,TRANSFERENCIAS DE CAPITAL,73,"DE A.E., OO.AA., EE.PP.",732,De diversos Ministerios,73290,Mecanismo Recuperación y Resiliencia. Ne,
77,AGENCIA DE TRANSFORMACIÓN DIGITAL DE C-L,7701,DIRECCIÓN GERENCIA,7,TRANSFERENCIAS DE CAPITAL,75,DE COMUNIDADES AUTÓNOMAS,750,De comunidades autónomas,75000,De comunidades autónomas,49210
77,AGENCIA DE TRANSFORMACIÓN DIGITAL DE C-L,7701,DIRECCIÓN GERENCIA,8,ACTIVOS FINANCIEROS,82,REINTEGRO DE PRÉSTAMOS,820,A corto plazo,82000,A personal funcionario,5576.24
77,AGENCIA DE TRANSFORMACIÓN DIGITAL DE C-L,7701,DIRECCIÓN GERENCIA,8,ACTIVOS FINANCIEROS,82,REINTEGRO DE PRÉSTAMOS,821,A largo plazo,82100,A personal funcionario,964.19
77,AGENCIA DE TRANSFORMACIÓN DIGITAL DE C-L,7701,DIRECCIÓN GERENCIA,8,ACTIVOS FINANCIEROS,87,REMANENTE DE TESORERÍA,870,Remanente de tesorería,87000,Remanente de tesorería,
80,ENTIDAD PÚBLICA INFRAESTRUCTURAS DEL AGU,8001,ENTIDAD PÚBLICA INFRAESTRUCTURAS DEL AGU,3,"TASAS, PP.PP. Y OTROS ING",31,PRESTACIÓN DE SERVICIOS,319,Otros ingresos prest serv,31900,Otros ingresos prest serv,390458.33
80,ENTIDAD PÚBLICA INFRAESTRUCTURAS DEL AGU,8001,ENTIDAD PÚBLICA INFRAESTRUCTURAS DEL AGU,3,"TASAS, PP.PP. Y OTROS ING",32,TASAS,329,Otras tasas,32900,Otras tasas,34069.9
80,ENTIDAD PÚBLICA INFRAESTRUCTURAS DEL AGU,8001,ENTIDAD PÚBLICA INFRAESTRUCTURAS DEL AGU,3,"TASAS, PP.PP. Y OTROS ING",32,TASAS,329,Otras tasas,32910,Canon de aducción,11001755.63
80,ENTIDAD PÚBLICA INFRAESTRUCTURAS DEL AGU,8001,ENTIDAD PÚBLICA INFRAESTRUCTURAS DEL AGU,3,"TASAS, PP.PP. Y OTROS ING",32,TASAS,329,Otras tasas,32911,Canon de depuración,11575959.43
80,ENTIDAD PÚBLICA INFRAESTRUCTURAS DEL AGU,8001,ENTIDAD PÚBLICA INFRAESTRUCTURAS DEL AGU,3,"TASAS, PP.PP. Y OTROS ING",39,OTROS INGRESOS,390,Recargos y multas,39000,Recargo de apremio,1455.01
80,ENTIDAD PÚBLICA INFRAESTRUCTURAS DEL AGU,8001,ENTIDAD PÚBLICA INFRAESTRUCTURAS DEL AGU,7,TRANSFERENCIAS DE CAPITAL,73,"DE A.E., OO.AA., EE.PP.",732,De diversos Ministerios,73290,Mecanismo Recuperación y Resiliencia. Ne,
80,ENTIDAD PÚBLICA INFRAESTRUCTURAS DEL AGU,8001,ENTIDAD PÚBLICA INFRAESTRUCTURAS DEL AGU,7,TRANSFERENCIAS DE CAPITAL,76,DE CORPORACIONES LOCALES,760,De ayuntamientos,76000,De ayuntamientos,
80,ENTIDAD PÚBLICA INFRAESTRUCTURAS DEL AGU,8001,ENTIDAD PÚBLICA INFRAESTRUCTURAS DEL AGU,8,ACTIVOS FINANCIEROS,82,REINTEGRO DE PRÉSTAMOS,820,A corto plazo,82001,A personal laboral,820
80,ENTIDAD PÚBLICA INFRAESTRUCTURAS DEL AGU,8001,ENTIDAD PÚBLICA INFRAESTRUCTURAS DEL AGU,8,ACTIVOS FINANCIEROS,87,REMANENTE DE TESORERÍA,870,Remanente de tesorería,87000,Remanente de tesorería,
81,ENTE PÚBLICO RADIOTELEVISIÓN CASTILLA-LA,8101,ENTE PÚBLICO RADIOTELEVISIÓN CASTILLA-LA,3,"TASAS, PP.PP. Y OTROS ING",31,PRESTACIÓN DE SERVICIOS,319,Otros ingresos prest serv,31900,Otros ingresos prest serv,2398555.2
81,ENTE PÚBLICO RADIOTELEVISIÓN CASTILLA-LA,8101,ENTE PÚBLICO RADIOTELEVISIÓN CASTILLA-LA,3,"TASAS, PP.PP. Y OTROS ING",39,OTROS INGRESOS,399,Ingresos diversos,39900,Ingresos diversos,1660.29
81,ENTE PÚBLICO RADIOTELEVISIÓN CASTILLA-LA,8101,ENTE PÚBLICO RADIOTELEVISIÓN CASTILLA-LA,3,"TASAS, PP.PP. Y OTROS ING",39,OTROS INGRESOS,399,Ingresos diversos,39901,Ingresos por descuentos en facturación,0
81,ENTE PÚBLICO RADIOTELEVISIÓN CASTILLA-LA,8101,ENTE PÚBLICO RADIOTELEVISIÓN CASTILLA-LA,4,TRANSFERENCIAS CORRIENTES,40,DE LA JCCM,400,De la JCCM,40009,Otras transf de la Junta,
81,ENTE PÚBLICO RADIOTELEVISIÓN CASTILLA-LA,8101,ENTE PÚBLICO RADIOTELEVISIÓN CASTILLA-LA,5,INGRESOS PATRIMONIALES,51,INTERESES DE ANTICIPOS,510,Intereses corto plazo,51000,Intereses corto plazo,
81,ENTE PÚBLICO RADIOTELEVISIÓN CASTILLA-LA,8101,ENTE PÚBLICO RADIOTELEVISIÓN CASTILLA-LA,5,INGRESOS PATRIMONIALES,52,INTERESES DE DEPÓSITOS,520,Intereses cuentas bancar,52000,Intereses cuentas bancar,13096.98
81,ENTE PÚBLICO RADIOTELEVISIÓN CASTILLA-LA,8101,ENTE PÚBLICO RADIOTELEVISIÓN CASTILLA-LA,5,INGRESOS PATRIMONIALES,54,RENTA DE BIENES INMUEBLES,540,Alquileres y p. inmuebles,54000,Alquileres y prod inmuebl,193863.06
61,SERVICIO DE SALUD DE CASTILLA-LA MANCHA,6102,SECRETARIA GENERAL,3,"TASAS, PP.PP. Y OTROS ING",30,VENTA DE BIENES,309,Venta de otros bienes,30900,Venta de otros bienes,178243.56
61,SERVICIO DE SALUD DE CASTILLA-LA MANCHA,6102,SECRETARIA GENERAL,3,"TASAS, PP.PP. Y OTROS ING",31,PRESTACIÓN DE SERVICIOS,315,De asistencia sanitaria,31500,Al Sector Público,221253.09
61,SERVICIO DE SALUD DE CASTILLA-LA MANCHA,6102,SECRETARIA GENERAL,3,"TASAS, PP.PP. Y OTROS ING",31,PRESTACIÓN DE SERVICIOS,315,De asistencia sanitaria,31501,Al Sector Privado,11641197.66
61,SERVICIO DE SALUD DE CASTILLA-LA MANCHA,6102,SECRETARIA GENERAL,3,"TASAS, PP.PP. Y OTROS ING",31,PRESTACIÓN DE SERVICIOS,315,De asistencia sanitaria,31503,A Entidades del sistema,2339495.63
61,SERVICIO DE SALUD DE CASTILLA-LA MANCHA,6102,SECRETARIA GENERAL,3,"TASAS, PP.PP. Y OTROS ING",31,PRESTACIÓN DE SERVICIOS,316,De estudios y ensayos clínicos,31600,De estudios y ensayos clínicos,164995.23
61,SERVICIO DE SALUD DE CASTILLA-LA MANCHA,6102,SECRETARIA GENERAL,3,"TASAS, PP.PP. Y OTROS ING",31,PRESTACIÓN DE SERVICIOS,318,Otros precios públicos,31800,Otros precios públicos,5.1
61,SERVICIO DE SALUD DE CASTILLA-LA MANCHA,6102,SECRETARIA GENERAL,3,"TASAS, PP.PP. Y OTROS ING",31,PRESTACIÓN DE SERVICIOS,319,Otros ingresos prest serv,31900,Otros ingresos prest serv,380
61,SERVICIO DE SALUD DE CASTILLA-LA MANCHA,6102,SECRETARIA GENERAL,3,"TASAS, PP.PP. Y OTROS ING",32,TASAS,322,Tasas direc e insp obras,32200,Dirección e inspec. obras,995221.86
61,SERVICIO DE SALUD DE CASTILLA-LA MANCHA,6102,SECRETARIA GENERAL,3,"TASAS, PP.PP. Y OTROS ING",32,TASAS,326,Tasas en materia sanidad,32600,Tasas en materia sanidad,33582.14
61,SERVICIO DE SALUD DE CASTILLA-LA MANCHA,6102,SECRETARIA GENERAL,3,"TASAS, PP.PP. Y OTROS ING",32,TASAS,329,Otras tasas,32900,Otras tasas,-5829.92
61,SERVICIO DE SALUD DE CASTILLA-LA MANCHA,6102,SECRETARIA GENERAL,3,"TASAS, PP.PP. Y OTROS ING",38,REINTEGROS OPERACIONES C.,380,De ejercicios cerrados,38000,De ejercicios cerrados,51261.89
61,SERVICIO DE SALUD DE CASTILLA-LA MANCHA,6102,SECRETARIA GENERAL,3,"TASAS, PP.PP. Y OTROS ING",38,REINTEGROS OPERACIONES C.,381,De presupuesto corriente,38100,De presupuesto corriente,76306.39
61,SERVICIO DE SALUD DE CASTILLA-LA MANCHA,6102,SECRETARIA GENERAL,3,"TASAS, PP.PP. Y OTROS ING",39,OTROS INGRESOS,390,Recargos y multas,39000,Recargo de apremio,10713.26
61,SERVICIO DE SALUD DE CASTILLA-LA MANCHA,6102,SECRETARIA GENERAL,3,"TASAS, PP.PP. Y OTROS ING",39,OTROS INGRESOS,390,Recargos y multas,39001,Intereses de demora,387.08
61,SERVICIO DE SALUD DE CASTILLA-LA MANCHA,6102,SECRETARIA GENERAL,3,"TASAS, PP.PP. Y OTROS ING",39,OTROS INGRESOS,390,Recargos y multas,39002,Multas y sanciones,210568.7
61,SERVICIO DE SALUD DE CASTILLA-LA MANCHA,6102,SECRETARIA GENERAL,3,"TASAS, PP.PP. Y OTROS ING",39,OTROS INGRESOS,399,Ingresos diversos,39900,Ingresos diversos,12339.75
61,SERVICIO DE SALUD DE CASTILLA-LA MANCHA,6102,SECRETARIA GENERAL,3,"TASAS, PP.PP. Y OTROS ING",39,OTROS INGRESOS,399,Ingresos diversos,39901,Ingresos por descuentos en facturación,14482893.92
61,SERVICIO DE SALUD DE CASTILLA-LA MANCHA,6102,SECRETARIA GENERAL,4,TRANSFERENCIAS CORRIENTES,40,DE LA JCCM,400,De la JCCM,40009,Otras transf de la Junta,
61,SERVICIO DE SALUD DE CASTILLA-LA MANCHA,6102,SECRETARIA GENERAL,4,TRANSFERENCIAS CORRIENTES,43,"DE LA A.E., OO.AA., EE.PP",432,De diversos Ministerios,43200,De diversos Ministerios,
61,SERVICIO DE SALUD DE CASTILLA-LA MANCHA,6102,SECRETARIA GENERAL,4,TRANSFERENCIAS CORRIENTES,43,"DE LA A.E., OO.AA., EE.PP",432,De diversos Ministerios,43202,Fondo de asistencia sanitaria,21649378.05
61,SERVICIO DE SALUD DE CASTILLA-LA MANCHA,6102,SECRETARIA GENERAL,4,TRANSFERENCIAS CORRIENTES,43,"DE LA A.E., OO.AA., EE.PP",434,De OO.AA. estatales,43400,De OO.AA. estatales,175363.62
61,SERVICIO DE SALUD DE CASTILLA-LA MANCHA,6102,SECRETARIA GENERAL,4,TRANSFERENCIAS CORRIENTES,46,DE CORPORACIONES LOCALES,461,De diputaciones,46100,De diputaciones,6670
61,SERVICIO DE SALUD DE CASTILLA-LA MANCHA,6102,SECRETARIA GENERAL,4,TRANSFERENCIAS CORRIENTES,47,DE EMPRESAS PRIVADAS,470,De empresas privadas,47000,De empresas privadas,1657.5
61,SERVICIO DE SALUD DE CASTILLA-LA MANCHA,6102,SECRETARIA GENERAL,5,INGRESOS PATRIMONIALES,55,"PRODUCTOS, CONCESIONES",550,Concesiones administrativ,55000,Concesiones administrativ,189777.49
61,SERVICIO DE SALUD DE CASTILLA-LA MANCHA,6102,SECRETARIA GENERAL,5,INGRESOS PATRIMONIALES,55,"PRODUCTOS, CONCESIONES",559,Otras concesiones y aprov,55900,Otras concesiones y aprov,54435.68
61,SERVICIO DE SALUD DE CASTILLA-LA MANCHA,6102,SECRETARIA GENERAL,7,TRANSFERENCIAS DE CAPITAL,70,DE LA JCCM,700,De la JCCM,70009,Otras transferencias JCCM,7671.13
61,SERVICIO DE SALUD DE CASTILLA-LA MANCHA,6102,SECRETARIA GENERAL,7,TRANSFERENCIAS DE CAPITAL,73,"DE A.E., OO.AA., EE.PP.",730,Fondo de Compensación Interterritorial,73000,Fondo de Compensación Interterritorial,3208627.5
61,SERVICIO DE SALUD DE CASTILLA-LA MANCHA,6102,SECRETARIA GENERAL,7,TRANSFERENCIAS DE CAPITAL,73,"DE A.E., OO.AA., EE.PP.",730,Fondo de Compensación Interterritorial,73001,Fondo Complementario (FCI),130045
61,SERVICIO DE SALUD DE CASTILLA-LA MANCHA,6102,SECRETARIA GENERAL,7,TRANSFERENCIAS DE CAPITAL,78,DE FAMILIAS E INSTIT. SFL,780,De familias e instit sfl,78000,De familias e instit sfl,120305.31
61,SERVICIO DE SALUD DE CASTILLA-LA MANCHA,6102,SECRETARIA GENERAL,8,ACTIVOS FINANCIEROS,82,REINTEGRO DE PRÉSTAMOS,820,A corto plazo,82000,A personal funcionario,9235.77
61,SERVICIO DE SALUD DE CASTILLA-LA MANCHA,6102,SECRETARIA GENERAL,8,ACTIVOS FINANCIEROS,82,REINTEGRO DE PRÉSTAMOS,820,A corto plazo,82001,A personal laboral,56817.28
61,SERVICIO DE SALUD DE CASTILLA-LA MANCHA,6102,SECRETARIA GENERAL,8,ACTIVOS FINANCIEROS,82,REINTEGRO DE PRÉSTAMOS,821,A largo plazo,82100,A personal funcionario,1371.39
61,SERVICIO DE SALUD DE CASTILLA-LA MANCHA,6102,SECRETARIA GENERAL,8,ACTIVOS FINANCIEROS,82,REINTEGRO DE PRÉSTAMOS,821,A largo plazo,82101,A personal laboral,
61,SERVICIO DE SALUD DE CASTILLA-LA MANCHA,6102,SECRETARIA GENERAL,8,ACTIVOS FINANCIEROS,87,REMANENTE DE TESORERÍA,870,Remanente de tesorería,87000,Remanente de tesorería,
